step,elapsed_tokens,elapsed_examples,training_loss,training_sequence_accuracy,training_token_accuracy,validation_loss,validation_sequence_accuracy,validation_token_accuracy,classification/accuracy,classification/weighted_f1_score
1,25,1,0.5544683231087401,0.0,0.0,0.3564349393709756,0.0,0.0,,
2,34,2,1.1494002963602543,0.0,0.0,,,,,
3,43,3,1.1222038185596466,0.0,0.0,,,,,
4,52,4,1.2285925963521005,0.0,0.0,,,,,
5,69,5,0.34132219649851325,0.0,0.0,,,,,
6,86,6,0.16204643689095974,0.0,0.0,,,,,
7,103,7,0.28778749335557224,0.0,0.0,,,,,
8,120,8,0.04606641402933746,1.0,1.0,,,,,
9,137,9,0.04912291474640369,1.0,1.0,0.2412888737147053,0.0,0.0,,
10,146,10,0.052738042511045934,1.0,1.0,,,,,
11,155,11,0.3409223967790604,0.0,0.0,,,,,
12,180,12,0.1368853010609746,0.0,0.0,,,,,
13,205,13,0.043392636563318474,1.0,1.0,,,,,
14,230,14,0.03099865180013391,1.0,1.0,,,,,
15,247,15,0.5984897441863541,0.0,0.0,,,,,
16,256,16,0.04008421864476986,1.0,1.0,,,,,
17,265,17,0.04762087322538719,1.0,1.0,0.9536540627479554,0.0,0.0,,
18,290,18,0.18562810308610403,0.0,0.0,,,,,
19,299,19,0.04686684479587712,1.0,1.0,,,,,
20,308,20,1.4367884517088532,0.0,0.0,,,,,
21,317,21,0.04258266959921457,1.0,1.0,,,,,
22,334,22,0.05011635242728517,1.0,1.0,,,,,
23,343,23,0.0401631679572165,1.0,1.0,,,,,
24,352,24,0.039379455229500315,1.0,1.0,,,,,
25,361,25,0.03723354583606124,1.0,1.0,0.04813562104885932,1.0,1.0,,
26,378,26,0.04534791887272149,1.0,1.0,,,,,
27,395,27,0.0447003210382536,1.0,1.0,,,,,
28,404,28,0.03435356472618878,1.0,1.0,,,,,
29,421,29,0.054833720482420176,1.0,1.0,,,,,
30,438,30,0.02999710553325713,1.0,1.0,,,,,
31,455,31,0.306041407212615,0.0,0.0,,,,,
32,464,32,0.03467821110505611,1.0,1.0,,,,,
33,481,33,0.039024760616011914,1.0,1.0,0.04015632510185242,1.0,1.0,,
34,506,34,0.02148328385936717,1.0,1.0,,,,,
35,515,35,0.2672410833835602,0.0,0.0,,,,,
36,540,36,0.5084057805935542,0.0,0.0,,,,,
37,565,37,0.02189990238073127,1.0,1.0,,,,,
38,582,38,0.02806348806945607,1.0,1.0,,,,,
39,591,39,0.31851226568222046,0.0,0.0,,,,,
40,600,40,0.05208430774509906,1.0,1.0,,,,,
41,609,41,0.032720049507915974,1.0,1.0,0.035740141861606387,1.0,1.0,,
42,626,42,0.02116395960561931,1.0,1.0,,,,,
43,651,43,0.12512918902561065,0.0,0.0,,,,,
44,676,44,0.04494858385374149,1.0,1.0,,,,,
45,701,45,0.026109953184301656,1.0,1.0,,,,,
46,710,46,0.19308426797389983,0.0,0.0,,,,,
47,719,47,0.06446881145238877,1.0,1.0,,,,,
48,728,48,0.5700838787853718,0.0,0.0,,,,,
49,737,49,0.026238752516801467,1.0,1.0,0.019701749179512264,1.0,1.0,,
50,746,50,0.18058309316635132,0.0,0.0,,,,,
51,755,51,0.49801174089312555,0.0,0.0,,,,,
52,772,52,0.01821507013402879,1.0,1.0,,,,,
53,781,53,0.030127161424607037,1.0,1.0,,,,,
54,798,54,0.024864240384194998,1.0,1.0,,,,,
55,823,55,0.1554589798673987,0.0,0.0,,,,,
56,848,56,0.1445243498682976,0.0,0.0,,,,,
57,857,57,0.05601429849863052,1.0,1.0,0.07798690516501666,0.0,0.0,,
58,874,58,0.28603377647697925,0.0,0.0,,,,,
59,899,59,0.024827410274495677,1.0,1.0,,,,,
60,916,60,0.029475560099817815,1.0,1.0,,,,,
61,925,61,0.03857533305883408,1.0,1.0,,,,,
62,942,62,0.5821456181257962,0.0,0.0,,,,,
63,951,63,0.0298996447538957,1.0,1.0,,,,,
64,968,64,0.019779353588819503,1.0,1.0,,,,,
65,977,65,0.07249562814831734,1.0,1.0,0.2704296592855826,0.0,0.0,,
66,994,66,0.5406546728499233,0.0,0.0,,,,,
67,1003,67,0.05391280174255371,1.0,1.0,,,,,
68,1036,68,0.029961909058038146,1.0,1.0,,,,,
69,1061,69,0.11460154846000176,0.0,0.0,,,,,
70,1070,70,0.04854081757366657,1.0,1.0,,,,,
71,1079,71,0.024626248832792044,1.0,1.0,,,,,
72,1088,72,0.08740891411900521,1.0,1.0,,,,,
73,1105,73,0.1626320309191942,0.0,0.0,0.027474696293938908,1.0,1.0,,
74,1114,74,0.03110842376947403,1.0,1.0,,,,,
75,1123,75,0.03705792430322617,1.0,1.0,,,,,
76,1148,76,0.02405647563903282,1.0,1.0,,,,,
77,1157,77,0.08621904999017715,1.0,1.0,,,,,
78,1182,78,0.04488146383315325,1.0,1.0,,,,,
79,1191,79,0.11373574297875166,1.0,1.0,,,,,
80,1200,80,0.030105792582035065,1.0,1.0,,,,,
81,1225,81,0.028695608849326766,1.0,1.0,0.02836963531871637,1.0,1.0,,
82,1250,82,0.02666564241672556,1.0,1.0,,,,,
83,1267,83,0.0671122320368886,1.0,1.0,,,,,
84,1284,84,0.05268918292131275,1.0,1.0,,,,,
85,1293,85,0.031825773448799735,1.0,1.0,,,,,
86,1310,86,0.3079128059744835,0.0,0.0,,,,,
87,1319,87,0.03390290509327315,1.0,1.0,,,,,
88,1328,88,0.14792107231915,0.0,0.0,,,,,
89,1337,89,0.03256184447556734,1.0,1.0,0.05457803120836616,1.0,1.0,,
90,1354,90,0.016800838453928008,1.0,1.0,,,,,
91,1371,91,0.18333028450608252,0.0,0.0,,,,,
92,1380,92,0.03957476176321506,1.0,1.0,,,,,
93,1389,93,0.023481112797744574,1.0,1.0,,,,,
94,1398,94,0.026409276411868632,1.0,1.0,,,,,
95,1423,95,0.1968029972763422,0.0,0.0,,,,,
96,1448,96,0.11097123902911939,0.0,0.0,,,,,
97,1465,97,0.02126756824727636,1.0,1.0,0.023153207465074956,1.0,1.0,,
98,1474,98,0.030633976428071037,1.0,1.0,,,,,
99,1483,99,0.022191579504869878,1.0,1.0,,,,,
100,1500,100,0.03349036149680615,1.0,1.0,,,,,
101,1509,101,0.4315663743019104,0.0,0.0,,,,,
102,1526,102,0.03821861730888486,1.0,1.0,,,,,
103,1559,103,0.03454032898727746,1.0,1.0,,,,,
104,1568,104,0.028193842004984617,1.0,1.0,,,,,
105,1585,105,0.03423409127033665,1.0,1.0,0.018642469590995463,1.0,1.0,,
106,1594,106,0.025664793881587683,1.0,1.0,,,,,
107,1611,107,0.09108697120100259,0.0,0.0,,,,,
108,1628,108,0.022877419735305014,1.0,1.0,,,,,
109,1637,109,0.02482663731381763,1.0,1.0,,,,,
110,1654,110,0.013663143819430843,1.0,1.0,,,,,
111,1671,111,0.04184267153032124,1.0,1.0,,,,,
112,1688,112,0.046439434736967086,1.0,1.0,,,,,
113,1697,113,0.029687680341303348,1.0,1.0,0.029020072286948563,1.0,1.0,,
114,1714,114,0.03341157955583185,1.0,1.0,,,,,
115,1723,115,0.014225323111750187,1.0,1.0,,,,,
116,1740,116,0.043890561126172546,1.0,1.0,,,,,
117,1765,117,0.03443907560033646,1.0,1.0,,,,,
118,1782,118,0.03933760075742612,1.0,1.0,,,,,
119,1799,119,0.02229401531163603,1.0,1.0,,,,,
120,1816,120,0.014506836712826043,1.0,1.0,,,,,
121,1825,121,0.02664554256538395,1.0,1.0,0.2139551073871553,0.0,0.0,,
122,1834,122,0.0202988703729352,1.0,1.0,,,,,
123,1851,123,0.023956512231379748,1.0,1.0,,,,,
124,1860,124,0.14254689499735831,0.0,0.0,,,,,
125,1869,125,0.024714166658814065,1.0,1.0,,,,,
126,1878,126,0.0225381188740721,1.0,1.0,,,,,
127,1903,127,0.09028142037491002,0.0,0.0,,,,,
128,1920,128,0.5603370767086744,0.0,0.0,,,,,
129,1929,129,0.020020222439670762,1.0,1.0,0.06767880542203784,0.0,0.0,,
130,1954,130,0.02966965389360364,1.0,1.0,,,,,
131,1963,131,0.02237191901076585,1.0,1.0,,,,,
132,1972,132,0.9563851410150528,0.0,0.0,,,,,
133,1981,133,1.1379419149737804,0.0,0.0,,,,,
134,2006,134,0.03374717315038045,1.0,1.0,,,,,
135,2023,135,0.011564368309918792,1.0,1.0,,,,,
136,2032,136,0.20819255378097296,0.0,0.0,,,,,
137,2049,137,0.05029132720082998,1.0,1.0,0.01981855511898175,1.0,1.0,,
138,2058,138,0.2015371300280094,0.0,0.0,,,,,
139,2067,139,0.015357431173324583,1.0,1.0,,,,,
140,2092,140,0.021027952563017607,1.0,1.0,,,,,
141,2109,141,0.03346504472196102,1.0,1.0,,,,,
142,2134,142,0.024654002032863595,1.0,1.0,,,,,
143,2143,143,0.6479333885782399,0.0,0.0,,,,,
144,2160,144,0.02307682624086738,1.0,1.0,,,,,
145,2177,145,0.071250607278198,0.0,0.0,0.08177356826607138,1.0,1.0,,
146,2202,146,0.017001917128606388,1.0,1.0,,,,,
147,2211,147,0.028423077315092086,1.0,1.0,,,,,
148,2228,148,0.3511918713990599,0.0,0.0,,,,,
149,2237,149,0.023518530825385825,1.0,1.0,,,,,
150,2254,150,0.021994200318731602,1.0,1.0,,,,,
151,2271,151,0.08917876188643276,0.0,0.0,,,,,
152,2280,152,0.3149634952098131,0.0,0.0,,,,,
153,2297,153,0.01199434776470298,1.0,1.0,0.030457638408988713,1.0,1.0,,
154,2314,154,0.019175874641732663,1.0,1.0,,,,,
155,2323,155,0.01823920209426433,1.0,1.0,,,,,
156,2332,156,0.029642024498898537,1.0,1.0,,,,,
157,2341,157,0.018512308198260143,1.0,1.0,,,,,
158,2350,158,0.07652538388967514,1.0,1.0,,,,,
159,2367,159,0.04937792252749205,1.0,1.0,,,,,
160,2384,160,0.014176448159851135,1.0,1.0,,,,,
161,2401,161,0.02798676696140319,1.0,1.0,0.019517505071708,1.0,1.0,,
162,2410,162,0.03433011856861412,1.0,1.0,,,,,
163,2427,163,0.024389209379150997,1.0,1.0,,,,,
164,2444,164,0.23711616634391247,0.0,0.0,,,,,
165,2461,165,0.025602643369056752,1.0,1.0,,,,,
166,2486,166,0.024321988751374497,1.0,1.0,,,,,
167,2503,167,0.02652520213276148,1.0,1.0,,,,,
168,2512,168,0.028793114731088282,1.0,1.0,,,,,
169,2529,169,0.018434345346176998,1.0,1.0,0.03447813078761101,1.0,1.0,,
170,2538,170,0.018038491795305162,1.0,1.0,,,,,
171,2555,171,0.01384098932670895,1.0,1.0,,,,,
172,2564,172,0.02175490760593675,1.0,1.0,,,,,
173,2581,173,0.023264764717314392,1.0,1.0,,,,,
174,2590,174,0.02709980248939246,1.0,1.0,,,,,
175,2607,175,0.013622311246581375,1.0,1.0,,,,,
176,2616,176,0.017828537933528427,1.0,1.0,,,,,
177,2625,177,0.012329571798909457,1.0,1.0,0.025151552779134362,1.0,1.0,,
178,2634,178,0.03353989649564028,1.0,1.0,,,,,
179,2651,179,0.017690936599392443,1.0,1.0,,,,,
180,2660,180,0.018772243622806856,1.0,1.0,,,,,
181,2669,181,0.015649868029286154,1.0,1.0,,,,,
182,2678,182,0.022876693999860434,1.0,1.0,,,,,
183,2695,183,0.02597259321337333,1.0,1.0,,,,,
184,2704,184,0.043754874980077144,1.0,1.0,,,,,
185,2721,185,0.030041602241690273,1.0,1.0,0.02981092156493105,1.0,1.0,,
186,2730,186,0.24156756862998008,0.0,0.0,,,,,
187,2739,187,0.45013450792524967,0.0,0.0,,,,,
188,2748,188,0.02537216492695734,1.0,1.0,,,,,
189,2773,189,0.03082808391811947,1.0,1.0,,,,,
190,2782,190,0.0435978292953223,1.0,1.0,,,,,
191,2799,191,0.02719751253724098,1.0,1.0,,,,,
192,2808,192,1.1821130758943037,0.0,0.0,,,,,
193,2817,193,0.011145070248749106,1.0,1.0,0.017547405384248125,1.0,1.0,,
194,2842,194,0.6090146752819419,0.0,0.0,,,,,
195,2867,195,0.029093741549283243,1.0,1.0,,,,,
196,2884,196,0.1006595736509189,0.0,0.0,,,,,
197,2893,197,0.02012844137570937,1.0,1.0,,,,,
198,2902,198,0.019705567675300698,1.0,1.0,,,,,
199,2919,199,0.030358311669551767,1.0,1.0,,,,,
200,2928,200,0.019441985702142117,1.0,1.0,,,,,
201,2945,201,0.017242238422622902,1.0,1.0,0.02920965729739692,1.0,1.0,,
202,2962,202,0.04666210573166609,1.0,1.0,,,,,
203,2979,203,0.022949816356413067,1.0,1.0,,,,,
204,2988,204,0.021655108433915302,1.0,1.0,,,,,
205,3013,205,0.020353720426792277,1.0,1.0,,,,,
206,3022,206,0.13048605743795633,0.0,0.0,,,,,
207,3047,207,0.020280907543686527,1.0,1.0,,,,,
208,3056,208,0.03770920203998685,1.0,1.0,,,,,
209,3065,209,0.021058307746425274,1.0,1.0,0.16058313477784397,0.0,0.0,,
210,3082,210,0.11440250430256128,0.0,0.0,,,,,
211,3091,211,0.01709933122387156,1.0,1.0,,,,,
212,3100,212,0.027385401437059045,1.0,1.0,,,,,
213,3109,213,0.019199570657219736,1.0,1.0,,,,,
214,3118,214,0.015804717575665567,1.0,1.0,,,,,
215,3127,215,0.042301712945336474,1.0,1.0,,,,,
216,3144,216,0.011519942603918025,1.0,1.0,,,,,
217,3153,217,0.026526853230025155,1.0,1.0,0.02208436125132721,1.0,1.0,,
218,3162,218,0.01927097400475759,1.0,1.0,,,,,
219,3171,219,0.02324048054491868,1.0,1.0,,,,,
220,3180,220,0.019493536539375786,1.0,1.0,,,,,
221,3189,221,0.030110180661140476,1.0,1.0,,,,,
222,3198,222,0.017279476149778927,1.0,1.0,,,,,
223,3215,223,0.0251271433380316,1.0,1.0,,,,,
224,3224,224,0.01910348976845853,1.0,1.0,,,,,
225,3241,225,0.792058179024607,0.0,0.0,0.024529630105243998,1.0,1.0,,
226,3250,226,0.016070916578755715,1.0,1.0,,,,,
227,3275,227,0.021724353020642108,1.0,1.0,,,,,
228,3284,228,0.01850632435103762,1.0,1.0,,,,,
229,3301,229,0.021219125226198232,1.0,1.0,,,,,
230,3318,230,0.0313262226851657,1.0,1.0,,,,,
231,3335,231,0.05419565650634467,1.0,1.0,,,,,
232,3360,232,0.027715647999818127,1.0,1.0,,,,,
233,3369,233,0.025131064708111807,1.0,1.0,0.01742695978997896,1.0,1.0,,
234,3394,234,0.01797181633184664,1.0,1.0,,,,,
235,3411,235,0.011926102338475176,1.0,1.0,,,,,
236,3428,236,0.17063920970540494,0.0,0.0,,,,,
237,3453,237,0.01940118307092538,1.0,1.0,,,,,
238,3462,238,0.02081743703223765,1.0,1.0,,,,,
239,3471,239,0.01780392930842936,1.0,1.0,,,,,
240,3480,240,0.03144636569544673,1.0,1.0,,,,,
241,3489,241,0.015660039903305008,1.0,1.0,0.009268187972629675,1.0,1.0,,
242,3498,242,0.016588424572255463,1.0,1.0,,,,,
243,3523,243,0.024278527837401878,1.0,1.0,,,,,
244,3532,244,0.12750872829928994,0.0,0.0,,,,,
245,3557,245,0.040562684576337535,1.0,1.0,,,,,
246,3566,246,0.01945532946847379,1.0,1.0,,,,,
247,3583,247,0.09055391550064087,0.0,0.0,,,,,
248,3600,248,0.3000714027881622,0.0,0.0,,,,,
249,3609,249,1.1064864136464894,0.0,0.0,0.01503537825017702,1.0,1.0,,
250,3626,250,0.018542995304160287,1.0,1.0,,,,,
251,3643,251,0.02108895706012845,1.0,1.0,,,,,
252,3652,252,0.6848600804060697,0.0,0.0,,,,,
253,3661,253,0.01295191595707365,1.0,1.0,,,,,
254,3670,254,0.8554086442291736,0.0,0.0,,,,,
255,3679,255,1.4040520394593479,0.0,0.0,,,,,
256,3704,256,0.022451583907241,1.0,1.0,,,,,
257,3721,257,0.12666531182825566,0.0,0.0,0.027286234833300116,1.0,1.0,,
258,3746,258,0.07929762964292117,0.0,0.0,,,,,
259,3771,259,0.013480429211631418,1.0,1.0,,,,,
260,3788,260,0.010259189928183332,1.0,1.0,,,,,
261,3797,261,0.023736505974084145,1.0,1.0,,,,,
262,3806,262,0.016626585144549608,1.0,1.0,,,,,
263,3815,263,0.16660377808380872,0.0,0.0,,,,,
264,3840,264,0.018280766249323885,1.0,1.0,,,,,
265,3849,265,0.02134835069999099,1.0,1.0,0.016798553066328166,1.0,1.0,,
266,3866,266,0.02959222372737713,1.0,1.0,,,,,
267,3883,267,0.02255100484006107,1.0,1.0,,,,,
268,3892,268,0.02183025692589581,1.0,1.0,,,,,
269,3901,269,0.01790669754263945,1.0,1.0,,,,,
270,3926,270,0.02375167190019662,1.0,1.0,,,,,
271,3951,271,0.015220580445602538,1.0,1.0,,,,,
272,3968,272,0.024273960615973922,1.0,1.0,,,,,
273,3993,273,0.12253860791524249,0.0,0.0,0.021956529723393035,1.0,1.0,,
274,4002,274,0.019225381503347308,1.0,1.0,,,,,
275,4019,275,0.023323619547300042,1.0,1.0,,,,,
276,4044,276,0.26195148749897873,0.0,0.0,,,,,
277,4061,277,0.024076747745566535,1.0,1.0,,,,,
278,4086,278,0.014273750653179984,1.0,1.0,,,,,
279,4095,279,0.061975352466106415,1.0,1.0,,,,,
280,4112,280,0.036934825284406544,1.0,1.0,,,,,
281,4129,281,0.018563145952939522,1.0,1.0,0.02665966339875013,1.0,1.0,,
282,4138,282,0.018919700626283883,1.0,1.0,,,,,
283,4155,283,0.024092637463472788,1.0,1.0,,,,,
284,4164,284,0.03913763495162129,1.0,1.0,,,,,
285,4181,285,0.01873740792623721,1.0,1.0,,,,,
286,4198,286,0.021929338504560292,1.0,1.0,,,,,
287,4207,287,0.022063561193644998,1.0,1.0,,,,,
288,4224,288,0.0273733574495418,1.0,1.0,,,,,
289,4233,289,0.026100835879333317,1.0,1.0,0.020427434065495617,1.0,1.0,,
290,4242,290,0.016905835210345686,1.0,1.0,,,,,
291,4251,291,0.0378518436383456,1.0,1.0,,,,,
292,4268,292,0.01920339142321609,1.0,1.0,,,,,
293,4277,293,0.011928265623282641,1.0,1.0,,,,,
294,4286,294,0.012506554434075952,1.0,1.0,,,,,
295,4295,295,0.015686107105575504,1.0,1.0,,,,,
296,4312,296,0.017215304826386273,1.0,1.0,,,,,
297,4321,297,0.009877821686677633,1.0,1.0,0.02956064656376839,1.0,1.0,,
298,4338,298,0.03314919235359412,1.0,1.0,,,,,
299,4347,299,0.013254660659367801,1.0,1.0,,,,,
300,4356,300,0.014277183003723623,1.0,1.0,,,,,
301,4373,301,0.009223383093049051,1.0,1.0,,,,,
302,4398,302,0.01179311142807516,1.0,1.0,,,,,
303,4415,303,0.011924076131545006,1.0,1.0,,,,,
304,4424,304,0.012498329801601357,1.0,1.0,,,,,
305,4433,305,0.024200599307514496,1.0,1.0,0.015173035309890111,1.0,1.0,,
306,4442,306,0.5296994460932911,0.0,0.0,,,,,
307,4459,307,0.00997494927578373,1.0,1.0,,,,,
308,4476,308,0.02777682888554409,1.0,1.0,,,,,
309,4493,309,0.016877145632752215,1.0,1.0,,,,,
310,4510,310,0.02276750803248433,1.0,1.0,,,,,
311,4527,311,0.02354536209604703,1.0,1.0,,,,,
312,4544,312,0.07141338958987034,0.0,0.0,,,,,
313,4561,313,0.011720020538778044,1.0,1.0,0.015653599155266422,1.0,1.0,,
314,4586,314,0.022152521426323804,1.0,1.0,,,,,
315,4595,315,0.010557268544798716,1.0,1.0,,,,,
316,4604,316,0.022374324324773626,1.0,1.0,,,,,
317,4613,317,0.021080243864562365,1.0,1.0,,,,,
318,4622,318,0.012456345632672311,1.0,1.0,,,,,
319,4631,319,0.028527262164279817,1.0,1.0,,,,,
320,4648,320,0.060638669953186765,1.0,1.0,,,,,
321,4665,321,0.014088689754426014,1.0,1.0,0.011546166821499355,1.0,1.0,,
322,4674,322,0.01534321585917496,1.0,1.0,,,,,
323,4683,323,0.02027538437396288,1.0,1.0,,,,,
324,4692,324,0.017940360074862837,1.0,1.0,,,,,
325,4701,325,0.02648450756474631,1.0,1.0,,,,,
326,4710,326,0.018634956489368054,1.0,1.0,,,,,
327,4727,327,0.25541678177192806,0.0,0.0,,,,,
328,4736,328,0.020822239005938173,1.0,1.0,,,,,
329,4745,329,0.03550448634778149,1.0,1.0,0.02409323136002058,1.0,1.0,,
330,4754,330,0.022488209744915364,1.0,1.0,,,,,
331,4763,331,0.021262993399286643,1.0,1.0,,,,,
332,4780,332,0.01266782863298431,1.0,1.0,,,,,
333,4797,333,0.009454363391268998,1.0,1.0,,,,,
334,4814,334,0.023544432055641665,1.0,1.0,,,,,
335,4823,335,0.013204080691502897,1.0,1.0,,,,,
336,4832,336,0.021142054063384423,1.0,1.0,,,,,
337,4841,337,0.015084606189047917,1.0,1.0,0.02803387986496091,1.0,1.0,,
338,4850,338,0.02118726252345368,1.0,1.0,,,,,
339,4859,339,0.03544726022912073,1.0,1.0,,,,,
340,4876,340,0.015298881685885135,1.0,1.0,,,,,
341,4893,341,0.020971794703655178,1.0,1.0,,,,,
342,4918,342,0.030350315176571403,1.0,1.0,,,,,
343,4927,343,0.01919850898324512,1.0,1.0,,,,,
344,4936,344,0.022354861376807096,1.0,1.0,,,,,
345,4945,345,0.026249524073209615,1.0,1.0,0.018632739347716174,1.0,1.0,,
346,4962,346,0.052421088113915174,1.0,1.0,,,,,
347,4979,347,0.024876070227473974,1.0,1.0,,,,,
348,4988,348,0.020280021135695277,1.0,1.0,,,,,
349,5005,349,0.01395750737246999,1.0,1.0,,,,,
350,5030,350,0.006036796554884252,1.0,1.0,,,,,
351,5039,351,0.021693403217941522,1.0,1.0,,,,,
352,5056,352,0.014405390179308598,1.0,1.0,,,,,
353,5065,353,0.01587123584584333,1.0,1.0,0.013879682880942708,1.0,1.0,,
354,5082,354,0.010638158410947654,1.0,1.0,,,,,
355,5099,355,0.007568779774010182,1.0,1.0,,,,,
356,5116,356,0.4658834392111748,0.0,0.0,,,,,
357,5133,357,0.019260469342116268,1.0,1.0,,,,,
358,5150,358,0.009896642402745785,1.0,1.0,,,,,
359,5167,359,0.01949215233154973,1.0,1.0,,,,,
360,5176,360,0.017782411784864963,1.0,1.0,,,,,
361,5185,361,0.031463636696280446,1.0,1.0,0.017969441959285175,1.0,1.0,,
362,5202,362,0.2773045830026968,0.0,0.0,,,,,
363,5219,363,0.0477481260150671,1.0,1.0,,,,,
364,5236,364,0.016058814151911065,1.0,1.0,,,,,
365,5253,365,0.01224917820072733,1.0,1.0,,,,,
366,5262,366,0.011423567906604148,1.0,1.0,,,,,
367,5271,367,0.02454566468019038,1.0,1.0,,,,,
368,5280,368,0.015726848187914585,1.0,1.0,,,,,
369,5297,369,0.013240392128936948,1.0,1.0,0.019287562512326984,1.0,1.0,,
370,5306,370,0.09620693989098072,1.0,1.0,,,,,
371,5331,371,0.012185085212501386,1.0,1.0,,,,,
372,5348,372,0.03535509686917067,1.0,1.0,,,,,
373,5365,373,0.021360915268305688,1.0,1.0,,,,,
374,5374,374,0.01878454132936895,1.0,1.0,,,,,
375,5391,375,0.022552512656548063,1.0,1.0,,,,,
376,5400,376,0.02465420909225941,1.0,1.0,,,,,
377,5409,377,0.03260039562359453,1.0,1.0,0.025362657903460786,1.0,1.0,,
378,5426,378,0.02747363422444323,1.0,1.0,,,,,
379,5435,379,0.014929206361994147,1.0,1.0,,,,,
380,5444,380,0.009523129551671445,1.0,1.0,,,,,
381,5461,381,0.10753619782626628,0.0,0.0,,,,,
382,5478,382,0.020359389200602894,1.0,1.0,,,,,
383,5487,383,0.010573554572765716,1.0,1.0,,,,,
384,5512,384,0.032335801241376125,1.0,1.0,,,,,
385,5537,385,0.10943355862051247,0.0,0.0,0.014433328251179774,1.0,1.0,,
386,5546,386,0.022105997328035303,1.0,1.0,,,,,
387,5571,387,0.02490403128943095,1.0,1.0,,,,,
388,5588,388,0.022708271970041098,1.0,1.0,,,,,
389,5597,389,0.024072222635149958,1.0,1.0,,,,,
390,5606,390,0.01627673247581697,1.0,1.0,,,,,
391,5615,391,0.012462692024710122,1.0,1.0,,,,,
392,5648,392,0.029137569612826156,1.0,1.0,,,,,
393,5657,393,0.024200706817209722,1.0,1.0,0.011156682618893684,1.0,1.0,,
394,5674,394,0.021171697435202076,1.0,1.0,,,,,
395,5691,395,0.012257783526656567,1.0,1.0,,,,,
396,5708,396,0.015907540790685744,1.0,1.0,,,,,
397,5717,397,0.035193639597855514,1.0,1.0,,,,,
398,5734,398,0.01484605787518376,1.0,1.0,,,,,
399,5751,399,0.016513265714238515,1.0,1.0,,,,,
400,5776,400,0.02195403551350561,1.0,1.0,,,,,
401,5785,401,2.0300565045466645,0.0,0.0,1.6594220306584613,0.0,0.0,,
402,5794,402,0.019191377839597408,1.0,1.0,,,,,
403,5803,403,0.011676230391021818,1.0,1.0,,,,,
404,5828,404,0.018024539000859173,1.0,1.0,,,,,
405,5837,405,0.01674487375508761,1.0,1.0,,,,,
406,5846,406,0.011407645792933182,1.0,1.0,,,,,
407,5863,407,0.02045203405985376,1.0,1.0,,,,,
408,5880,408,0.023359571522159967,1.0,1.0,,,,,
409,5889,409,0.011727912355418084,1.0,1.0,0.02220043984940276,1.0,1.0,,
410,5914,410,0.02876926484682675,1.0,1.0,,,,,
411,5939,411,0.01885475946869216,1.0,1.0,,,,,
412,5964,412,0.22790717056331536,0.0,0.0,,,,,
413,5981,413,0.014955719230456454,1.0,1.0,,,,,
414,5998,414,0.02564156204702158,1.0,1.0,,,,,
415,6007,415,0.019764369422337044,1.0,1.0,,,,,
416,6016,416,0.016549236255232243,1.0,1.0,,,,,
417,6041,417,0.019832326449068204,1.0,1.0,0.010698195416771342,1.0,1.0,,
418,6050,418,0.014967765288311057,1.0,1.0,,,,,
419,6075,419,0.01891764167541017,1.0,1.0,,,,,
420,6092,420,0.023289586822502314,1.0,1.0,,,,,
421,6117,421,0.15569352475305398,0.0,0.0,,,,,
422,6142,422,0.02542461182378853,1.0,1.0,,,,,
423,6151,423,0.265542649384588,0.0,0.0,,,,,
424,6160,424,0.01531711099552922,1.0,1.0,,,,,
425,6169,425,0.020400288569508124,1.0,1.0,0.018575128962596256,1.0,1.0,,
426,6194,426,0.010735698143059077,1.0,1.0,,,,,
427,6211,427,0.03269931204864406,1.0,1.0,,,,,
428,6220,428,0.014868649110430853,1.0,1.0,,,,,
429,6229,429,0.027168035251670518,1.0,1.0,,,,,
430,6238,430,0.011091575464233757,1.0,1.0,,,,,
431,6247,431,0.02354463323543314,1.0,1.0,,,,,
432,6256,432,0.019382787678478054,1.0,1.0,,,,,
433,6273,433,0.017497129729927112,1.0,1.0,0.014463906516612043,1.0,1.0,,
434,6290,434,0.013106389508684514,1.0,1.0,,,,,
435,6299,435,1.6100924813840538,0.0,0.0,,,,,
436,6308,436,0.5514460944384337,0.0,0.0,,,,,
437,6325,437,0.01871699243881267,1.0,1.0,,,,,
438,6334,438,0.015584476439398715,1.0,1.0,,,,0.8454545736312866,0.8299638046326564
439,6343,439,0.03041430348530412,1.0,1.0,,,,,
440,6352,440,0.021974377611040836,1.0,1.0,,,,,
441,6361,441,0.8247459826618433,0.0,0.0,0.04228925545234233,1.0,1.0,,
442,6386,442,0.019330658535891415,1.0,1.0,,,,,
443,6395,443,0.3376605291012674,0.0,0.0,,,,,
444,6404,444,0.015273939343242091,1.0,1.0,,,,,
445,6437,445,0.28240059291409125,0.0,0.0,,,,,
446,6446,446,0.018835561155283356,1.0,1.0,,,,,
447,6455,447,0.01519102941500023,1.0,1.0,,,,,
448,6464,448,0.021132153851576733,1.0,1.0,,,,,
449,6481,449,0.017073351614017157,1.0,1.0,0.009679791474482044,1.0,1.0,,
450,6490,450,0.014038693852489813,1.0,1.0,,,,,
451,6507,451,0.05651042643963593,1.0,1.0,,,,,
452,6516,452,0.0135466624374385,1.0,1.0,,,,,
453,6525,453,0.0184284502977971,1.0,1.0,,,,,
454,6542,454,0.012157403914607129,1.0,1.0,,,,,
455,6551,455,0.013943330226466061,1.0,1.0,,,,,
456,6568,456,0.020108229027246127,1.0,1.0,,,,,
457,6593,457,0.02022783578567517,1.0,1.0,0.0073722811151431715,1.0,1.0,,
458,6602,458,0.4212400733307004,0.0,0.0,,,,,
459,6611,459,0.015093618631653954,1.0,1.0,,,,,
460,6628,460,0.023533605906122832,1.0,1.0,,,,,
461,6653,461,0.023075961975070336,1.0,1.0,,,,,
462,6662,462,0.01216611875453964,1.0,1.0,,,,,
463,6671,463,0.01310793502954766,1.0,1.0,,,,,
464,6688,464,0.016081221320200713,1.0,1.0,,,,,
465,6697,465,0.015077652171603406,1.0,1.0,0.013285281499847772,1.0,1.0,,
466,6706,466,0.01286745049408637,1.0,1.0,,,,,
467,6715,467,0.021157010722672568,1.0,1.0,,,,,
468,6724,468,0.014505320384632796,1.0,1.0,,,,,
469,6733,469,0.04762450281603378,1.0,1.0,,,,,
470,6758,470,0.02410272839978764,1.0,1.0,,,,,
471,6775,471,0.015569285571109504,1.0,1.0,,,,,
472,6784,472,0.023338582979049532,1.0,1.0,,,,,
473,6801,473,0.020624190173111855,1.0,1.0,0.041264901710674165,1.0,1.0,,
474,6826,474,0.02098344945377903,1.0,1.0,,,,,
475,6843,475,0.39285472329705956,0.0,0.0,,,,,
476,6860,476,0.011716213710751617,1.0,1.0,,,,,
477,6885,477,0.017290066784092534,1.0,1.0,,,,,
478,6910,478,0.02163478810728217,1.0,1.0,,,,,
479,6927,479,0.01778683013479167,1.0,1.0,,,,,
480,6936,480,0.010207107300520876,1.0,1.0,,,,,
481,6953,481,0.027336610016354825,1.0,1.0,0.034620070923119785,1.0,1.0,,
482,6962,482,0.025661103377060502,1.0,1.0,,,,,
483,6987,483,0.016712814157363025,1.0,1.0,,,,,
484,6996,484,0.012804614912747639,1.0,1.0,,,,,
485,7021,485,0.012293831816253563,1.0,1.0,,,,,
486,7030,486,0.6935532956570387,0.0,0.0,,,,,
487,7039,487,0.012826078752987087,1.0,1.0,,,,,
488,7048,488,0.00607796667900402,1.0,1.0,,,,,
489,7057,489,0.017448270851746203,1.0,1.0,0.030537568046129306,1.0,1.0,,
490,7074,490,0.014218296986655332,1.0,1.0,,,,,
491,7083,491,0.016311656649340874,1.0,1.0,,,,,
492,7100,492,0.012531960550768417,1.0,1.0,,,,,
493,7109,493,0.0077098512273369125,1.0,1.0,,,,,
494,7126,494,0.016097927317605353,1.0,1.0,,,,,
495,7135,495,0.009921332379490196,1.0,1.0,,,,,
496,7152,496,0.02413362727646018,1.0,1.0,,,,,
497,7161,497,0.025860500868293456,1.0,1.0,0.024840583826104795,1.0,1.0,,
498,7178,498,0.02065979807288386,1.0,1.0,,,,,
499,7195,499,0.01702115367166698,1.0,1.0,,,,,
500,7204,500,0.011267565156813361,1.0,1.0,,,,,
501,7221,501,0.013507317610492463,1.0,1.0,,,,,
502,7230,502,0.026322276659775524,1.0,1.0,,,,,
503,7247,503,0.01055951102891413,1.0,1.0,,,,,
504,7256,504,0.033243366570677606,1.0,1.0,,,,,
505,7265,505,0.006123640508012613,1.0,1.0,0.01677640255249571,1.0,1.0,,
506,7282,506,0.01910268051557068,1.0,1.0,,,,,
507,7291,507,0.021509633129753635,1.0,1.0,,,,,
508,7308,508,0.010188718623394379,1.0,1.0,,,,,
509,7317,509,0.01624761310595204,1.0,1.0,,,,,
510,7326,510,0.010856255534599768,1.0,1.0,,,,,
511,7343,511,0.01802676244522445,1.0,1.0,,,,,
512,7360,512,0.0255729724932462,1.0,1.0,,,,,
513,7369,513,0.01572913589712698,1.0,1.0,0.018949814704828895,1.0,1.0,,
514,7378,514,0.01444965505550499,1.0,1.0,,,,,
515,7395,515,0.013415778821217826,1.0,1.0,,,,,
516,7412,516,0.015525814181310126,1.0,1.0,,,,,
517,7429,517,0.018203279103690878,1.0,1.0,,,,,
518,7438,518,0.011774228497888544,1.0,1.0,,,,,
519,7447,519,0.017488069222381455,1.0,1.0,,,,,
520,7456,520,0.012486455820617266,1.0,1.0,,,,,
521,7465,521,0.013533292327192612,1.0,1.0,0.019810152840218507,1.0,1.0,,
522,7482,522,0.008689611138543114,1.0,1.0,,,,,
523,7507,523,0.02613821960563655,1.0,1.0,,,,,
524,7516,524,0.012389087800402196,1.0,1.0,,,,,
525,7525,525,0.018818117969494775,1.0,1.0,,,,,
526,7542,526,0.022842887947044803,1.0,1.0,,,,,
527,7567,527,0.06971291098743676,0.0,0.0,,,,,
528,7576,528,0.009606059236539295,1.0,1.0,,,,,
529,7585,529,0.01690517024602741,1.0,1.0,0.012622703763918254,1.0,1.0,,
530,7594,530,0.01597519768271013,1.0,1.0,,,,,
531,7611,531,0.024332531673317136,1.0,1.0,,,,,
532,7628,532,0.0761498051509261,0.0,0.0,,,,,
533,7637,533,0.006857604242977686,1.0,1.0,,,,,
534,7662,534,0.012948109549664272,1.0,1.0,,,,,
535,7679,535,0.01660261170909507,1.0,1.0,,,,,
536,7696,536,0.01388457454595482,1.0,1.0,,,,,
537,7721,537,0.021779176360044707,1.0,1.0,0.818646541479975,0.0,0.0,,
538,7738,538,0.012896744871941337,1.0,1.0,,,,,
539,7747,539,0.008488919596602501,1.0,1.0,,,,,
540,7764,540,0.01511411231389502,1.0,1.0,,,,,
541,7773,541,0.015894267067269537,1.0,1.0,,,,,
542,7798,542,0.012507869350908246,1.0,1.0,,,,,
543,7823,543,0.01709377818411061,1.0,1.0,,,,,
544,7840,544,0.009926979058072903,1.0,1.0,,,,,
545,7857,545,0.024150363355875018,1.0,1.0,0.019049130884232,1.0,1.0,,
546,7874,546,0.018454352521621333,1.0,1.0,,,,,
547,7883,547,0.016654360042521146,1.0,1.0,,,,,
548,7908,548,0.025284424360628083,1.0,1.0,,,,,
549,7933,549,0.013755374621396185,1.0,1.0,,,,,
550,7958,550,0.00616486248948301,1.0,1.0,,,,,
551,7967,551,0.013106544356560335,1.0,1.0,,,,,
552,7992,552,0.032629367541521785,1.0,1.0,,,,,
553,8009,553,0.013957113178330474,1.0,1.0,0.018690659703861457,1.0,1.0,,
554,8034,554,0.009490957267019743,1.0,1.0,,,,,
555,8051,555,0.015383526802179404,1.0,1.0,,,,,
556,8076,556,0.007805324958693139,1.0,1.0,,,,,
557,8085,557,0.006612925242079655,1.0,1.0,,,,,
558,8102,558,0.01602285967936041,1.0,1.0,,,,,
559,8111,559,1.3864476768672467,0.0,0.0,,,,,
560,8136,560,0.0185333927902199,1.0,1.0,,,,,
561,8153,561,0.011715689158299937,1.0,1.0,0.022929351744242016,1.0,1.0,,
562,8170,562,0.013875868568829903,1.0,1.0,,,,,
563,8179,563,0.012734321880852804,1.0,1.0,,,,,
564,8196,564,0.017478026791941374,1.0,1.0,,,,,
565,8205,565,0.017365557907614855,1.0,1.0,,,,,
566,8214,566,0.01977495120605454,1.0,1.0,,,,,
567,8223,567,0.018028798930463382,1.0,1.0,,,,,
568,8240,568,0.012951519562338944,1.0,1.0,,,,,
569,8249,569,0.01631491065651062,1.0,1.0,0.01490344292808004,1.0,1.0,,
570,8266,570,0.018675938939559274,1.0,1.0,,,,,
571,8283,571,0.011909410938387738,1.0,1.0,,,,,
572,8292,572,0.025095339007675646,1.0,1.0,,,,,
573,8317,573,0.023294509660530212,1.0,1.0,,,,,
574,8326,574,0.014826981548976619,1.0,1.0,,,,,
575,8343,575,0.01376916210501804,1.0,1.0,,,,,
576,8368,576,0.016192533060141914,1.0,1.0,,,,,
577,8377,577,0.0246661101328209,1.0,1.0,0.00886646946790279,1.0,1.0,,
578,8394,578,0.014065260540228337,1.0,1.0,,,,,
579,8403,579,0.021878862073645,1.0,1.0,,,,,
580,8412,580,0.020664035733789207,1.0,1.0,,,,,
581,8429,581,0.013108191494247877,1.0,1.0,,,,,
582,8446,582,0.015720034294354264,1.0,1.0,,,,,
583,8455,583,0.8358098793588579,0.0,0.0,,,,,
584,8464,584,0.0190964717901079,1.0,1.0,,,,,
585,8481,585,0.012701164260652148,1.0,1.0,0.010754809643221962,1.0,1.0,,
586,8490,586,0.010871770463563735,1.0,1.0,,,,,
587,8507,587,0.009989852639118908,1.0,1.0,,,,,
588,8516,588,0.01035118407860864,1.0,1.0,,,,,
589,8533,589,0.014782688463965315,1.0,1.0,,,,,
590,8550,590,0.016810636862865068,1.0,1.0,,,,,
591,8567,591,0.0076420467313437265,1.0,1.0,,,,,
592,8576,592,0.010446217798744328,1.0,1.0,,,,,
593,8585,593,0.013399017272022319,1.0,1.0,0.0164212351385504,1.0,1.0,,
594,8602,594,0.009788745062614906,1.0,1.0,,,,,
595,8611,595,0.016632257513774677,1.0,1.0,,,,,
596,8620,596,0.012421114881290123,1.0,1.0,,,,,
597,8629,597,0.016672453004866836,1.0,1.0,,,,,
598,8638,598,0.008659911003196612,1.0,1.0,,,,,
599,8647,599,0.017552518057709677,1.0,1.0,,,,,
600,8656,600,0.013690299372392474,1.0,1.0,,,,,
601,8673,601,0.006510037275220384,1.0,1.0,0.025989597055740887,1.0,1.0,,
602,8698,602,0.008893391503952443,1.0,1.0,,,,,
603,8715,603,0.011915974433650263,1.0,1.0,,,,,
604,8724,604,0.01286817460335442,1.0,1.0,,,,,
605,8741,605,0.012070216716383584,1.0,1.0,,,,,
606,8750,606,0.013249352734565036,1.0,1.0,,,,,
607,8767,607,0.012484283945668723,1.0,1.0,,,,,
608,8784,608,0.01068367784471775,1.0,1.0,,,,,
609,8793,609,0.013374661643756555,1.0,1.0,0.01113625167054124,1.0,1.0,,
610,8810,610,0.16342669109697452,0.0,0.0,,,,,
611,8835,611,0.008102419891074533,1.0,1.0,,,,,
612,8844,612,0.012230352800761467,1.0,1.0,,,,,
613,8861,613,0.024897084936892497,1.0,1.0,,,,,
614,8878,614,0.004250233431084781,1.0,1.0,,,,,
615,8895,615,0.019759261025155867,1.0,1.0,,,,,
616,8904,616,0.010025780075666263,1.0,1.0,,,,,
617,8913,617,0.01719208224931208,1.0,1.0,0.006464234918021248,1.0,1.0,,
618,8922,618,0.015186419333549566,1.0,1.0,,,,,
619,8939,619,0.022691288782807535,1.0,1.0,,,,,
620,8948,620,0.012538679145509378,1.0,1.0,,,,,
621,8957,621,0.0193802662674716,1.0,1.0,,,,,
622,8966,622,0.017625081319129095,1.0,1.0,,,,,
623,8975,623,0.016857660163223046,1.0,1.0,,,,,
624,8984,624,0.012878507354980685,1.0,1.0,,,,,
625,8993,625,0.018922090608793955,1.0,1.0,0.008017919181644781,1.0,1.0,,
626,9002,626,0.03632997074513696,1.0,1.0,,,,,
627,9027,627,0.003844577762089709,1.0,1.0,,,,,
628,9044,628,0.014917534497799353,1.0,1.0,,,,,
629,9061,629,0.017729008292080836,1.0,1.0,,,,,
630,9070,630,0.007390714145731182,1.0,1.0,,,,,
631,9087,631,0.009926367195148486,1.0,1.0,,,,,
632,9104,632,0.008758803256932879,1.0,1.0,,,,,
633,9129,633,0.01934202893667437,1.0,1.0,0.014463319559436059,1.0,1.0,,
634,9138,634,0.009091847023319133,1.0,1.0,,,,,
635,9147,635,0.015672697216214147,1.0,1.0,,,,,
636,9156,636,0.007715713640427566,1.0,1.0,,,,,
637,9181,637,0.018921446829141736,1.0,1.0,,,,,
638,9198,638,0.019702406438591426,1.0,1.0,,,,,
639,9207,639,0.010830174161383184,1.0,1.0,,,,,
640,9224,640,0.019664404569448377,1.0,1.0,,,,,
641,9241,641,0.016254373126885185,1.0,1.0,0.01281293741762056,1.0,1.0,,
642,9266,642,0.015273867447588903,1.0,1.0,,,,,
643,9275,643,0.016112186421833027,1.0,1.0,,,,,
644,9292,644,0.015969626902369784,1.0,1.0,,,,,
645,9309,645,0.024398546722150062,1.0,1.0,,,,,
646,9318,646,0.020322518778266387,1.0,1.0,,,,,
647,9343,647,0.013113120761214911,1.0,1.0,,,,,
648,9368,648,0.021841852847040474,1.0,1.0,,,,,
649,9385,649,0.013429356692504371,1.0,1.0,0.019280126108096738,1.0,1.0,,
650,9402,650,0.009893946388547193,1.0,1.0,,,,,
651,9419,651,0.009267923001461894,1.0,1.0,,,,,
652,9428,652,0.007959490135544912,1.0,1.0,,,,,
653,9453,653,0.020641160279822844,1.0,1.0,,,,,
654,9462,654,0.01231440775547526,1.0,1.0,,,,,
655,9471,655,0.014950147378967814,1.0,1.0,,,,,
656,9488,656,0.015221030311513457,1.0,1.0,,,,,
657,9497,657,0.009319508579210378,1.0,1.0,0.014623790519399337,1.0,1.0,,
658,9506,658,0.012593715733928548,1.0,1.0,,,,,
659,9523,659,0.018455220541218297,1.0,1.0,,,,,
660,9532,660,0.025000996872768154,1.0,1.0,,,,,
661,9541,661,0.02059232521623926,1.0,1.0,,,,,
662,9550,662,0.008162108474625712,1.0,1.0,,,,,
663,9575,663,0.014081114621621963,1.0,1.0,,,,,
664,9584,664,0.013156356314138976,1.0,1.0,,,,,
665,9593,665,0.01760560066664766,1.0,1.0,0.007436988006083993,1.0,1.0,,
666,9610,666,0.011535527667729185,1.0,1.0,,,,,
667,9627,667,0.011663588496521698,1.0,1.0,,,,,
668,9636,668,0.01064656266476959,1.0,1.0,,,,,
669,9661,669,0.017411229092103894,1.0,1.0,,,,,
670,9670,670,0.010624937863321976,1.0,1.0,,,,,
671,9687,671,0.013158748880528037,1.0,1.0,,,,,
672,9696,672,0.015654599287227032,1.0,1.0,,,,,
673,9713,673,0.014193131859656205,1.0,1.0,0.019156861685817907,1.0,1.0,,
674,9730,674,0.02070411371783848,1.0,1.0,,,,,
675,9739,675,0.01508202872657421,1.0,1.0,,,,,
676,9756,676,0.009684790938481456,1.0,1.0,,,,,
677,9781,677,0.022241207896828808,1.0,1.0,,,,,
678,9790,678,0.017500924242485782,1.0,1.0,,,,,
679,9807,679,0.014449633580516092,1.0,1.0,,,,,
680,9824,680,0.014742304051287647,1.0,1.0,,,,,
681,9841,681,0.01116324876543331,1.0,1.0,0.012506181805383676,1.0,1.0,,
682,9850,682,0.008722747277279268,1.0,1.0,,,,,
683,9867,683,0.021989300436034684,1.0,1.0,,,,,
684,9884,684,0.014351821886375547,1.0,1.0,,,,,
685,9901,685,0.01583539181836386,1.0,1.0,,,,,
686,9926,686,0.020696487458723517,1.0,1.0,,,,,
687,9943,687,0.014177123373519864,1.0,1.0,,,,,
688,9960,688,0.027276749601223855,1.0,1.0,,,,,
689,9977,689,0.014048973547523928,1.0,1.0,0.01406233546185831,1.0,1.0,,
690,9994,690,0.017481594984456027,1.0,1.0,,,,,
691,10011,691,0.011880458475825435,1.0,1.0,,,,,
692,10036,692,0.017618085210803353,1.0,1.0,,,,,
693,10061,693,0.012531566056477459,1.0,1.0,,,,,
694,10078,694,0.007258347823826624,1.0,1.0,,,,,
695,10095,695,0.008381010298962793,1.0,1.0,,,,,
696,10112,696,0.011165847194024536,1.0,1.0,,,,,
697,10129,697,0.517437729164958,0.0,0.0,0.02093898274377958,1.0,1.0,,
698,10138,698,0.01422644090022004,1.0,1.0,,,,,
699,10147,699,0.7822511040442623,0.0,0.0,,,,,
700,10156,700,0.016969890898035373,1.0,1.0,,,,,
701,10173,701,0.020628169005794915,1.0,1.0,,,,,
702,10182,702,0.016966307223010516,1.0,1.0,,,,,
703,10191,703,0.013778618094802367,1.0,1.0,,,,,
704,10208,704,0.01157446432348479,1.0,1.0,,,,,
705,10217,705,0.016102364326798124,1.0,1.0,0.017197493068815677,1.0,1.0,,
706,10234,706,0.015364568347940803,1.0,1.0,,,,,
707,10259,707,0.019391319133646903,1.0,1.0,,,,,
708,10276,708,0.010774345967511182,1.0,1.0,,,,,
709,10293,709,0.01847920484811766,1.0,1.0,,,,,
710,10302,710,0.014870865466073156,1.0,1.0,,,,,
711,10327,711,0.04678913537412882,1.0,1.0,,,,,
712,10336,712,0.017751691826269962,1.0,1.0,,,,,
713,10345,713,0.014248086822917685,1.0,1.0,0.011103928952979914,1.0,1.0,,
714,10362,714,0.016041449381536947,1.0,1.0,,,,,
715,10379,715,0.026767760301299858,1.0,1.0,,,,,
716,10388,716,0.009899074451677734,1.0,1.0,,,,,
717,10397,717,0.019439364146164737,1.0,1.0,,,,,
718,10414,718,0.017310542439727215,1.0,1.0,,,,,
719,10431,719,0.01191360902676024,1.0,1.0,,,,,
720,10440,720,0.0095008591482474,1.0,1.0,,,,,
721,10449,721,0.013803622771520167,1.0,1.0,0.008434445844977746,1.0,1.0,,
722,10458,722,0.009736776603676844,1.0,1.0,,,,,
723,10467,723,0.015343099307210652,1.0,1.0,,,,,
724,10476,724,0.00898070847724739,1.0,1.0,,,,,
725,10485,725,0.01051646220301336,1.0,1.0,,,,,
726,10510,726,0.0084005196538601,1.0,1.0,,,,,
727,10527,727,0.042616604939103124,1.0,1.0,,,,,
728,10552,728,0.0054480156433965015,1.0,1.0,,,,,
729,10561,729,0.011450719455897342,1.0,1.0,0.00853940979750405,1.0,1.0,,
730,10570,730,0.007620955112652155,1.0,1.0,,,,,
731,10579,731,0.013882779146588291,1.0,1.0,,,,,
732,10596,732,0.0047133605471753985,1.0,1.0,,,,,
733,10613,733,0.021820389678614445,1.0,1.0,,,,,
734,10622,734,0.011423643166199328,1.0,1.0,,,,,
735,10655,735,0.031012254845754796,1.0,1.0,,,,,
736,10680,736,0.006081545499655476,1.0,1.0,,,,,
737,10697,737,0.01660316068897373,1.0,1.0,0.012246466737860827,1.0,1.0,,
738,10706,738,0.015580866981108558,1.0,1.0,,,,,
739,10715,739,0.009728805345002912,1.0,1.0,,,,,
740,10724,740,0.02658786998008509,1.0,1.0,,,,,
741,10733,741,0.013282658517055098,1.0,1.0,,,,,
742,10750,742,0.02471485555150139,1.0,1.0,,,,,
743,10759,743,0.02336089760199684,1.0,1.0,,,,,
744,10776,744,0.012969804478707374,1.0,1.0,,,,,
745,10785,745,0.01386070340173319,1.0,1.0,0.037334665548987685,1.0,1.0,,
746,10802,746,0.011220921152071241,1.0,1.0,,,,,
747,10811,747,1.7415090014625458,0.0,0.0,,,,,
748,10820,748,0.010463040115482727,1.0,1.0,,,,,
749,10845,749,0.019116781239475432,1.0,1.0,,,,,
750,10854,750,0.009665284945331223,1.0,1.0,,,,,
751,10871,751,0.008084837984715704,1.0,1.0,,,,,
752,10880,752,0.013393071293467075,1.0,1.0,,,,,
753,10897,753,0.010122239458305557,1.0,1.0,0.2345315456110984,0.0,0.0,,
754,10914,754,0.01010749430191936,1.0,1.0,,,,,
755,10931,755,0.011690445273559362,1.0,1.0,,,,,
756,10940,756,0.22184655709192158,0.0,0.0,,,,,
757,10957,757,0.042026002584025265,1.0,1.0,,,,,
758,10974,758,0.012544213016531105,1.0,1.0,,,,,
759,10983,759,0.004236016647082579,1.0,1.0,,,,,
760,10992,760,0.009816342650774459,1.0,1.0,,,,,
761,11009,761,0.023463682506408075,1.0,1.0,0.0157946642042225,1.0,1.0,,
762,11018,762,0.010005615112204396,1.0,1.0,,,,,
763,11027,763,0.020282334699149945,1.0,1.0,,,,,
764,11036,764,0.016083766450174154,1.0,1.0,,,,,
765,11053,765,0.011144472435353237,1.0,1.0,,,,,
766,11078,766,0.0218011975971361,1.0,1.0,,,,,
767,11095,767,0.013962523271620739,1.0,1.0,,,,,
768,11104,768,0.0149083444621283,1.0,1.0,,,,,
769,11129,769,0.025158982607536018,1.0,1.0,0.02441441570175812,1.0,1.0,,
770,11138,770,0.015556928553269246,1.0,1.0,,,,,
771,11155,771,0.018935181062552146,1.0,1.0,,,,,
772,11180,772,0.014244351253146305,1.0,1.0,,,,,
773,11205,773,0.017804994773129388,1.0,1.0,,,,,
774,11214,774,0.011879951767768945,1.0,1.0,,,,,
775,11231,775,0.006111994999228046,1.0,1.0,,,,,
776,11240,776,0.014814653450011974,1.0,1.0,,,,,
777,11249,777,0.014850395614048465,1.0,1.0,0.009996358843927737,1.0,1.0,,
778,11258,778,0.009249696401457185,1.0,1.0,,,,,
779,11267,779,0.013494166885939194,1.0,1.0,,,,,
780,11284,780,0.010547190055094689,1.0,1.0,,,,,
781,11301,781,0.020946164235356265,1.0,1.0,,,,,
782,11318,782,0.027137441286104146,1.0,1.0,,,,,
783,11343,783,0.017453172012319555,1.0,1.0,,,,,
784,11368,784,0.016190807570989514,1.0,1.0,,,,,
785,11377,785,0.011922734645704623,1.0,1.0,0.01227257781565034,1.0,1.0,,
786,11386,786,0.011018000972107983,1.0,1.0,,,,,
787,11395,787,0.017704331367713166,1.0,1.0,,,,,
788,11404,788,0.009304285620164594,1.0,1.0,,,,,
789,11413,789,0.009961770065128803,1.0,1.0,,,,,
790,11422,790,0.011089298784936545,1.0,1.0,,,,,
791,11431,791,0.01196624492513365,1.0,1.0,,,,,
792,11440,792,0.019601432107738216,1.0,1.0,,,,,
793,11449,793,0.008511606828942605,1.0,1.0,0.01391511867113877,1.0,1.0,,
794,11466,794,0.009470692114118719,1.0,1.0,,,,,
795,11475,795,0.017085002160602016,1.0,1.0,,,,,
796,11484,796,0.023069884615397315,1.0,1.0,,,,,
797,11493,797,0.015846632649336244,1.0,1.0,,,,,
798,11518,798,0.024049711950750258,1.0,1.0,,,,,
799,11527,799,0.013276825121756701,1.0,1.0,,,,,
800,11552,800,0.011425515458310354,1.0,1.0,,,,,
801,11561,801,0.019014049058605452,1.0,1.0,0.015314454261097126,1.0,1.0,,
802,11570,802,0.019507350825369942,1.0,1.0,,,,,
803,11579,803,0.02357517920099781,1.0,1.0,,,,,
804,11604,804,0.02338926900970061,1.0,1.0,,,,,
805,11613,805,0.007817553403765488,1.0,1.0,,,,,
806,11622,806,0.01152779266696598,1.0,1.0,,,,,
807,11631,807,0.020445007893940784,1.0,1.0,,,,,
808,11664,808,0.020629490350802374,1.0,1.0,,,,,
809,11689,809,0.01034968827632838,1.0,1.0,0.014882847420594772,1.0,1.0,,
810,11706,810,0.013990334391310172,1.0,1.0,,,,,
811,11731,811,0.005848127588991095,1.0,1.0,,,,,
812,11740,812,0.013150786229307414,1.0,1.0,,,,,
813,11749,813,0.013470837434288115,1.0,1.0,,,,,
814,11758,814,0.012663658182864312,1.0,1.0,,,,,
815,11783,815,0.022860211857259855,1.0,1.0,,,,,
816,11800,816,0.008826272751539363,1.0,1.0,,,,,
817,11817,817,0.01173513116700633,1.0,1.0,0.010286385791259817,1.0,1.0,,
818,11834,818,0.012359054033058783,1.0,1.0,,,,,
819,11843,819,0.020503090774218434,1.0,1.0,,,,,
820,11860,820,0.014154570491955384,1.0,1.0,,,,,
821,11877,821,0.006845877797259163,1.0,1.0,,,,,
822,11886,822,0.01654014166269917,1.0,1.0,,,,,
823,11911,823,0.023051838451210643,1.0,1.0,,,,,
824,11928,824,0.01083748740649753,1.0,1.0,,,,,
825,11945,825,0.024839417382740977,1.0,1.0,0.015067935113183923,1.0,1.0,,
826,11970,826,0.017793732827752443,1.0,1.0,,,,,
827,11979,827,0.009261760133995267,1.0,1.0,,,,,
828,11996,828,0.01935552005244972,1.0,1.0,,,,,
829,12005,829,0.012034409223124386,1.0,1.0,,,,,
830,12022,830,0.010468603787521714,1.0,1.0,,,,,
831,12039,831,0.006724164685001597,1.0,1.0,,,,,
832,12056,832,0.019705480335651372,1.0,1.0,,,,,
833,12065,833,0.4111120469868183,0.0,0.0,0.01261831272415293,1.0,1.0,,
834,12090,834,0.015272421609067048,1.0,1.0,,,,,
835,12107,835,0.013350106137513649,1.0,1.0,,,,,
836,12116,836,0.007835634288530855,1.0,1.0,,,,,
837,12133,837,0.03139943096979551,1.0,1.0,,,,,
838,12142,838,0.012397875739261507,1.0,1.0,,,,,
839,12151,839,0.013542594493264917,1.0,1.0,,,,,
840,12160,840,0.014376628175377845,1.0,1.0,,,,,
841,12169,841,0.009743661057800638,1.0,1.0,0.016177170639760638,1.0,1.0,,
842,12194,842,0.01362929162394721,1.0,1.0,,,,,
843,12203,843,0.013883792647684459,1.0,1.0,,,,,
844,12212,844,0.017473683687858284,1.0,1.0,,,,,
845,12221,845,0.00969210688956082,1.0,1.0,,,,,
846,12238,846,0.023290664674714207,1.0,1.0,,,,,
847,12263,847,0.019346383326252783,1.0,1.0,,,,,
848,12272,848,0.010285965144503278,1.0,1.0,,,,,
849,12281,849,0.007714384093997068,1.0,1.0,0.010955708719557151,1.0,1.0,,
850,12306,850,0.019486071010445204,1.0,1.0,,,,,
851,12315,851,0.6970403088629246,0.0,0.0,,,,,
852,12332,852,0.019078364953638814,1.0,1.0,,,,,
853,12341,853,0.021580972932933946,1.0,1.0,,,,,
854,12350,854,0.01715457273017819,1.0,1.0,,,,,
855,12375,855,0.01633283510057178,1.0,1.0,,,,,
856,12384,856,0.011600340366203455,1.0,1.0,,,,,
857,12401,857,0.014646284558803018,1.0,1.0,0.01323947789904196,1.0,1.0,,
858,12410,858,0.007581055702758022,1.0,1.0,,,,,
859,12435,859,0.46722259993664916,0.0,0.0,,,,,
860,12444,860,0.01229115224443376,1.0,1.0,,,,,
861,12453,861,0.008005834804607731,1.0,1.0,,,,,
862,12478,862,0.011945628604153172,1.0,1.0,,,,,
863,12487,863,0.009005829739835464,1.0,1.0,,,,,
864,12496,864,0.01041394130748813,1.0,1.0,,,,,
865,12505,865,0.009809691911796108,1.0,1.0,0.01439972695474959,1.0,1.0,,
866,12514,866,0.01024688889781828,1.0,1.0,,,,,
867,12531,867,0.019284757171044477,1.0,1.0,,,,,
868,12548,868,0.014053983165795217,1.0,1.0,,,,,
869,12565,869,0.018563644015230238,1.0,1.0,,,,,
870,12574,870,0.009832511713611894,1.0,1.0,,,,,
871,12591,871,0.013090529479086399,1.0,1.0,,,,,
872,12616,872,0.015146590930526144,1.0,1.0,,,,,
873,12625,873,0.014592428363321234,1.0,1.0,0.009494480407302035,1.0,1.0,,
874,12634,874,0.008479763392497262,1.0,1.0,,,,,
875,12643,875,0.01684346169058699,1.0,1.0,,,,0.9727272987365723,0.9726199199113913
876,12668,876,0.0055494442404112,1.0,1.0,,,,,
877,12685,877,0.008351389530107554,1.0,1.0,,,,,
878,12702,878,0.017012201874604213,1.0,1.0,,,,,
879,12719,879,0.013796741202459087,1.0,1.0,,,,,
880,12728,880,0.012420851218048482,1.0,1.0,,,,,
881,12737,881,0.008750846279035614,1.0,1.0,0.01167301832447265,1.0,1.0,,
882,12746,882,0.014575224226573483,1.0,1.0,,,,,
883,12755,883,0.01296215741778724,1.0,1.0,,,,,
884,12772,884,0.007918983219278744,1.0,1.0,,,,,
885,12781,885,0.008950938009074889,1.0,1.0,,,,,
886,12790,886,0.018640102690260393,1.0,1.0,,,,,
887,12799,887,0.006470456425304292,1.0,1.0,,,,,
888,12808,888,0.014339138166978956,1.0,1.0,,,,,
889,12833,889,0.020196503034094346,1.0,1.0,0.013399384829681366,1.0,1.0,,
890,12850,890,0.004930343652958981,1.0,1.0,,,,,
891,12867,891,0.011499341546004873,1.0,1.0,,,,,
892,12884,892,0.010171729549620069,1.0,1.0,,,,,
893,12901,893,0.01542450075809029,1.0,1.0,,,,,
894,12918,894,0.012220645862689708,1.0,1.0,,,,,
895,12943,895,0.012797814331133849,1.0,1.0,,,,,
896,12952,896,0.010190670166921337,1.0,1.0,,,,,
897,12961,897,0.00799782011541538,1.0,1.0,0.010479150875471533,1.0,1.0,,
898,12970,898,0.0102305015391903,1.0,1.0,,,,,
899,12979,899,0.011731065543553996,1.0,1.0,,,,,
900,12988,900,0.007129259220382664,1.0,1.0,,,,,
901,12997,901,0.010579994547424577,1.0,1.0,,,,,
902,13022,902,0.020995378833758876,1.0,1.0,,,,,
903,13039,903,0.011821928096542252,1.0,1.0,,,,,
904,13064,904,0.020364932920007656,1.0,1.0,,,,,
905,13073,905,0.012838917704066262,1.0,1.0,0.011431313234497795,1.0,1.0,,
906,13082,906,0.013217942992268946,1.0,1.0,,,,,
907,13099,907,0.008563143899082207,1.0,1.0,,,,,
908,13124,908,0.011838146041457852,1.0,1.0,,,,,
909,13133,909,0.013268270191401825,1.0,1.0,,,,,
910,13142,910,0.011256239964095586,1.0,1.0,,,,,
911,13159,911,0.018838312859261352,1.0,1.0,,,,,
912,13168,912,0.01184506210454856,1.0,1.0,,,,,
913,13185,913,0.014761399669805542,1.0,1.0,0.01816176160704345,1.0,1.0,,
914,13202,914,0.015701820177710032,1.0,1.0,,,,,
915,13219,915,0.006115671018560533,1.0,1.0,,,,,
916,13228,916,0.005796408129899646,1.0,1.0,,,,,
917,13245,917,0.009333468591103157,1.0,1.0,,,,,
918,13262,918,0.02166469168230833,1.0,1.0,,,,,
919,13271,919,0.020735925459157444,1.0,1.0,,,,,
920,13288,920,0.011100241698295578,1.0,1.0,,,,,
921,13305,921,0.01702772063370503,1.0,1.0,0.0056787585740676145,1.0,1.0,,
922,13322,922,0.008410291955369758,1.0,1.0,,,,,
923,13355,923,0.02357219741574227,1.0,1.0,,,,,
924,13380,924,0.01774488724108475,1.0,1.0,,,,,
925,13389,925,0.009973529986746145,1.0,1.0,,,,,
926,13398,926,0.04400808653968852,1.0,1.0,,,,,
927,13407,927,0.009301529273816413,1.0,1.0,,,,,
928,13416,928,0.010184697446165954,1.0,1.0,,,,,
929,13425,929,0.007476721418643138,1.0,1.0,0.01018878892820794,1.0,1.0,,
930,13442,930,0.01888804514594085,1.0,1.0,,,,,
931,13467,931,0.012507657014818202,1.0,1.0,,,,,
932,13484,932,0.016476056655083084,1.0,1.0,,,,,
933,13493,933,0.01346457695181016,1.0,1.0,,,,,
934,13510,934,0.005707076553662774,1.0,1.0,,,,,
935,13527,935,0.009282747812831076,1.0,1.0,,,,,
936,13544,936,0.017491689678117837,1.0,1.0,,,,,
937,13561,937,0.013950921331379505,1.0,1.0,0.013205932579294312,1.0,1.0,,
938,13570,938,0.01195385781407822,1.0,1.0,,,,,
939,13579,939,0.01847881015375606,1.0,1.0,,,,,
940,13596,940,0.005350154210027541,1.0,1.0,,,,,
941,13621,941,0.011986476044597414,1.0,1.0,,,,,
942,13646,942,0.01396776881418191,1.0,1.0,,,,,
943,13655,943,0.011351712223695359,1.0,1.0,,,,,
944,13672,944,0.009936459172749892,1.0,1.0,,,,,
945,13689,945,0.012664586846804014,1.0,1.0,0.0064715542812336935,1.0,1.0,,
946,13698,946,0.009980793397608068,1.0,1.0,,,,,
947,13715,947,0.021197193376647192,1.0,1.0,,,,,
948,13732,948,0.010309154216520256,1.0,1.0,,,,,
949,13749,949,0.0138711328899808,1.0,1.0,,,,,
950,13766,950,0.01458706108180195,1.0,1.0,,,,,
951,13775,951,0.009533158472549985,1.0,1.0,,,,,
952,13784,952,0.015814435204374606,1.0,1.0,,,,,
953,13809,953,0.023270856046389475,1.0,1.0,0.011397389377052605,1.0,1.0,,
954,13826,954,0.018300924741706696,1.0,1.0,,,,,
955,13851,955,0.02379376634703173,1.0,1.0,,,,,
956,13868,956,0.020714294130102645,1.0,1.0,,,,,
957,13901,957,0.01754094030005035,1.0,1.0,,,,,
958,13910,958,0.01053593540804286,1.0,1.0,,,,,
959,13927,959,0.004317873034160584,1.0,1.0,,,,,
960,13944,960,0.01697269364080057,1.0,1.0,,,,,
961,13961,961,0.008171242910430011,1.0,1.0,0.010872092906647595,1.0,1.0,,
962,13970,962,0.007435612733552262,1.0,1.0,,,,,
963,13987,963,0.007396567285832134,1.0,1.0,,,,,
964,13996,964,0.010527802311371487,1.0,1.0,,,,,
965,14005,965,0.01661357859615236,1.0,1.0,,,,,
966,14014,966,0.007981119719042909,1.0,1.0,,,,,
967,14031,967,0.008123411854448932,1.0,1.0,,,,,
968,14056,968,0.011602693711271664,1.0,1.0,,,,,
969,14073,969,0.008814252734991897,1.0,1.0,0.0252944253757596,1.0,1.0,,
970,14098,970,0.013594691049826604,1.0,1.0,,,,,
971,14107,971,0.01008742784240894,1.0,1.0,,,,,
972,14124,972,0.00879353843152785,1.0,1.0,,,,,
973,14133,973,0.08954063798300922,1.0,1.0,,,,,
974,14150,974,0.006523423653852661,1.0,1.0,,,,,
975,14167,975,0.016672024330746354,1.0,1.0,,,,,
976,14176,976,0.007732693399157144,1.0,1.0,,,,,
977,14193,977,0.01470204449171433,1.0,1.0,0.010447481032412421,1.0,1.0,,
978,14218,978,0.024003933483424285,1.0,1.0,,,,,
979,14227,979,0.007132368571219559,1.0,1.0,,,,,
980,14236,980,0.015068409594532569,1.0,1.0,,,,,
981,14245,981,0.010031735173615743,1.0,1.0,,,,,
982,14254,982,0.008868272550316761,1.0,1.0,,,,,
983,14263,983,0.01604981613898417,1.0,1.0,,,,,
984,14272,984,0.009130494752862432,1.0,1.0,,,,,
985,14281,985,0.012253446816757786,1.0,1.0,0.008325594462639856,1.0,1.0,,
986,14306,986,0.011429182709640977,1.0,1.0,,,,,
987,14331,987,0.010680404738862611,1.0,1.0,,,,,
988,14340,988,0.008275025839247975,1.0,1.0,,,,,
989,14357,989,0.00880686305648851,1.0,1.0,,,,,
990,14366,990,0.012562095668290568,1.0,1.0,,,,,
991,14375,991,0.007787011665277532,1.0,1.0,,,,,
992,14400,992,0.018701627063904498,1.0,1.0,,,,,
993,14409,993,0.014816218577325343,1.0,1.0,0.017349847956429586,1.0,1.0,,
994,14418,994,0.01804443129542051,1.0,1.0,,,,,
995,14435,995,0.015782232017008936,1.0,1.0,,,,,
996,14444,996,0.012457765048311559,1.0,1.0,,,,,
997,14453,997,0.007265634650684661,1.0,1.0,,,,,
998,14462,998,0.008924391513937736,1.0,1.0,,,,,
999,14471,999,0.010534165439366916,1.0,1.0,,,,,
1000,14496,1000,0.014000272127486824,1.0,1.0,,,,,
1001,14505,1001,0.011812995776690514,1.0,1.0,0.017231772375507718,1.0,1.0,,
1002,14514,1002,0.6024717831240559,0.0,0.0,,,,,
1003,14523,1003,0.011642009926863464,1.0,1.0,,,,,
1004,14532,1004,0.011571449365001173,1.0,1.0,,,,,
1005,14549,1005,0.01044314323742583,1.0,1.0,,,,,
1006,14558,1006,0.009737306711303973,1.0,1.0,,,,,
1007,14567,1007,0.008713619795016711,1.0,1.0,,,,,
1008,14576,1008,0.009787031676751212,1.0,1.0,,,,,
1009,14601,1009,0.0055761164848445325,1.0,1.0,0.01075346573117713,1.0,1.0,,
1010,14610,1010,0.01502019372244831,1.0,1.0,,,,,
1011,14619,1011,0.015947544188084067,1.0,1.0,,,,,
1012,14628,1012,0.008344660205111723,1.0,1.0,,,,,
1013,14645,1013,0.017503342588133818,1.0,1.0,,,,,
1014,14654,1014,0.008538431340166425,1.0,1.0,,,,,
1015,14663,1015,0.019965220315934857,1.0,1.0,,,,,
1016,14672,1016,0.008934224461045233,1.0,1.0,,,,,
1017,14681,1017,0.018675418072289177,1.0,1.0,0.006940184083869099,1.0,1.0,,
1018,14690,1018,0.008911652366587077,1.0,1.0,,,,,
1019,14699,1019,0.010003606040409067,1.0,1.0,,,,,
1020,14708,1020,0.00904048339205474,1.0,1.0,,,,,
1021,14717,1021,0.0098050300891191,1.0,1.0,,,,,
1022,14734,1022,0.008674615197596724,1.0,1.0,,,,,
1023,14751,1023,0.01442212657246273,1.0,1.0,,,,,
1024,14760,1024,0.012527572984690778,1.0,1.0,,,,,
1025,14769,1025,0.008600872575825633,1.0,1.0,0.014225458992586938,1.0,1.0,,
1026,14786,1026,0.006974293632947592,1.0,1.0,,,,,
1027,14803,1027,0.01988879401880695,1.0,1.0,,,,,
1028,14820,1028,0.012174032662105674,1.0,1.0,,,,,
1029,14829,1029,0.011861191513307858,1.0,1.0,,,,,
1030,14846,1030,0.016166820440739683,1.0,1.0,,,,,
1031,14863,1031,0.011893799213621607,1.0,1.0,,,,,
1032,14880,1032,0.0046043972377447055,1.0,1.0,,,,,
1033,14905,1033,0.013286391374713276,1.0,1.0,0.024043516010278838,1.0,1.0,,
1034,14922,1034,0.02490907824390888,1.0,1.0,,,,,
1035,14931,1035,0.015360969599569216,1.0,1.0,,,,,
1036,14948,1036,0.013414731661669066,1.0,1.0,,,,,
1037,14965,1037,0.007040237226901809,1.0,1.0,,,,,
1038,14974,1038,0.009257132170387195,1.0,1.0,,,,,
1039,14983,1039,0.010656023556439322,1.0,1.0,,,,,
1040,14992,1040,0.00968340791870105,1.0,1.0,,,,,
1041,15001,1041,0.009208915588869786,1.0,1.0,0.010862136876494333,1.0,1.0,,
1042,15010,1042,0.011322992544446606,1.0,1.0,,,,,
1043,15019,1043,0.010662930856206005,1.0,1.0,,,,,
1044,15036,1044,0.32829841641709206,0.0,0.0,,,,,
1045,15045,1045,0.00957497406991024,1.0,1.0,,,,,
1046,15054,1046,0.011016366207768441,1.0,1.0,,,,,
1047,15071,1047,0.014628850669541862,1.0,1.0,,,,,
1048,15096,1048,0.24570723562190933,0.0,0.0,,,,,
1049,15113,1049,0.013833590262256622,1.0,1.0,0.01748806679423069,1.0,1.0,,
1050,15130,1050,0.009958553364413092,1.0,1.0,,,,,
1051,15147,1051,0.012007754795959044,1.0,1.0,,,,,
1052,15164,1052,0.013968340143474051,1.0,1.0,,,,,
1053,15173,1053,0.008246277727557753,1.0,1.0,,,,,
1054,15190,1054,0.012016765730568296,1.0,1.0,,,,,
1055,15215,1055,0.014228884291854533,1.0,1.0,,,,,
1056,15232,1056,0.006725459031731589,1.0,1.0,,,,,
1057,15241,1057,0.007785358057590202,1.0,1.0,0.014827781861094989,1.0,1.0,,
1058,15258,1058,0.008727088878695213,1.0,1.0,,,,,
1059,15275,1059,0.01044295809151663,1.0,1.0,,,,,
1060,15308,1060,0.02245207351046247,1.0,1.0,,,,,
1061,15333,1061,0.014768720319601318,1.0,1.0,,,,,
1062,15342,1062,0.014881745768798284,1.0,1.0,,,,,
1063,15359,1063,0.01372072247628239,1.0,1.0,,,,,
1064,15376,1064,0.011325355577428128,1.0,1.0,,,,,
1065,15385,1065,0.012739465139311505,1.0,1.0,0.015682949075508077,1.0,1.0,,
1066,15394,1066,0.011746603908250108,1.0,1.0,,,,,
1067,15403,1067,0.010698203204519816,1.0,1.0,,,,,
1068,15412,1068,0.010344093271487508,1.0,1.0,,,,,
1069,15421,1069,0.009691115157183957,1.0,1.0,,,,,
1070,15446,1070,0.010905548823187321,1.0,1.0,,,,,
1071,15455,1071,0.01239723870276066,1.0,1.0,,,,,
1072,15464,1072,0.00756627616910464,1.0,1.0,,,,,
1073,15481,1073,0.010434310368145816,1.0,1.0,0.014321319432783638,1.0,1.0,,
1074,15506,1074,0.014174810678086944,1.0,1.0,,,,,
1075,15523,1075,0.011146876553830225,1.0,1.0,,,,,
1076,15532,1076,0.006341405292587297,1.0,1.0,,,,,
1077,15549,1077,0.012212115440779598,1.0,1.0,,,,,
1078,15558,1078,0.00921076969701062,1.0,1.0,,,,,
1079,15575,1079,0.011403997732850257,1.0,1.0,,,,,
1080,15584,1080,0.009422968694852898,1.0,1.0,,,,,
1081,15601,1081,0.009891579342520345,1.0,1.0,0.021317283821663292,1.0,1.0,,
1082,15626,1082,0.005620585541813246,1.0,1.0,,,,,
1083,15643,1083,0.025258709384934262,1.0,1.0,,,,,
1084,15660,1084,0.010764306000583021,1.0,1.0,,,,,
1085,15677,1085,0.01345383758751268,1.0,1.0,,,,,
1086,15686,1086,0.020865057574119418,1.0,1.0,,,,,
1087,15703,1087,0.01085279608199926,1.0,1.0,,,,,
1088,15712,1088,0.013189783446323418,1.0,1.0,,,,,
1089,15721,1089,0.009279481397770723,1.0,1.0,0.009749082447979163,1.0,1.0,,
1090,15738,1090,0.008140874979480942,1.0,1.0,,,,,
1091,15747,1091,0.011455650603602409,1.0,1.0,,,,,
1092,15756,1092,0.017000802942202426,1.0,1.0,,,,,
1093,15765,1093,0.005783741564991942,1.0,1.0,,,,,
1094,15774,1094,0.007048036057431092,1.0,1.0,,,,,
1095,15783,1095,0.01557022474040423,1.0,1.0,,,,,
1096,15800,1096,0.012016017053829275,1.0,1.0,,,,,
1097,15817,1097,0.009428740717085021,1.0,1.0,0.0115699317898725,1.0,1.0,,
1098,15842,1098,0.011353108770799737,1.0,1.0,,,,,
1099,15851,1099,0.00837271394995696,1.0,1.0,,,,,
1100,15868,1100,0.010862272102967837,1.0,1.0,,,,,
1101,15877,1101,0.010756691566275551,1.0,1.0,,,,,
1102,15902,1102,0.017409789350591988,1.0,1.0,,,,,
1103,15927,1103,0.015204978305785821,1.0,1.0,,,,,
1104,15936,1104,0.009551349823614148,1.0,1.0,,,,,
1105,15945,1105,0.011000946274434683,1.0,1.0,0.017669651826145126,1.0,1.0,,
1106,15962,1106,0.015645033937653353,1.0,1.0,,,,,
1107,15971,1107,0.017256072233431043,1.0,1.0,,,,,
1108,15980,1108,0.01041107356617431,1.0,1.0,,,,,
1109,15989,1109,0.5266413351753726,0.0,0.0,,,,,
1110,16014,1110,0.012657615213114088,1.0,1.0,,,,,
1111,16039,1111,0.019247902675318375,1.0,1.0,,,,,
1112,16048,1112,0.007570374028473452,1.0,1.0,,,,,
1113,16065,1113,0.01970198536517273,1.0,1.0,0.007274379727823544,1.0,1.0,,
1114,16082,1114,0.008830904205969999,1.0,1.0,,,,,
1115,16107,1115,0.019805919650049568,1.0,1.0,,,,,
1116,16116,1116,0.017519447918166408,1.0,1.0,,,,,
1117,16125,1117,0.008504402144099003,1.0,1.0,,,,,
1118,16134,1118,0.010530809193887762,1.0,1.0,,,,,
1119,16143,1119,0.008201184448907953,1.0,1.0,,,,,
1120,16152,1120,0.009866650828771526,1.0,1.0,,,,,
1121,16169,1121,0.01674089175532572,1.0,1.0,0.02253603388380725,1.0,1.0,,
1122,16178,1122,0.016452072033862352,1.0,1.0,,,,,
1123,16203,1123,0.01708052655274514,1.0,1.0,,,,,
1124,16220,1124,0.01593982630145547,1.0,1.0,,,,,
1125,16245,1125,0.009895438845196622,1.0,1.0,,,,,
1126,16262,1126,0.008520662243399785,1.0,1.0,,,,,
1127,16271,1127,0.015186448352797016,1.0,1.0,,,,,
1128,16280,1128,0.016284556645405245,1.0,1.0,,,,,
1129,16289,1129,0.014900355739755467,1.0,1.0,0.09039905157755129,0.0,0.0,,
1130,16298,1130,0.008749613827749272,1.0,1.0,,,,,
1131,16315,1131,0.00992397763140616,1.0,1.0,,,,,
1132,16324,1132,0.009107069771198439,1.0,1.0,,,,,
1133,16341,1133,0.016864709678702638,1.0,1.0,,,,,
1134,16350,1134,0.014553137888142373,1.0,1.0,,,,,
1135,16367,1135,0.007338773068076989,1.0,1.0,,,,,
1136,16376,1136,0.006044710844225847,1.0,1.0,,,,,
1137,16385,1137,0.01468879567910335,1.0,1.0,0.009247066091635739,1.0,1.0,,
1138,16394,1138,0.007961132621567231,1.0,1.0,,,,,
1139,16411,1139,0.014828794166714943,1.0,1.0,,,,,
1140,16420,1140,0.010233197525376454,1.0,1.0,,,,,
1141,16429,1141,0.011584253564287791,1.0,1.0,,,,,
1142,16454,1142,0.004957870488269691,1.0,1.0,,,,,
1143,16463,1143,0.011721973788335163,1.0,1.0,,,,,
1144,16472,1144,0.07240313449408858,1.0,1.0,,,,,
1145,16497,1145,0.016869923251215366,1.0,1.0,0.02320159499111469,1.0,1.0,,
1146,16506,1146,0.010097470440850884,1.0,1.0,,,,,
1147,16515,1147,0.015091181214411336,1.0,1.0,,,,,
1148,16532,1148,0.018686004789560683,1.0,1.0,,,,,
1149,16549,1149,0.0075553444193610635,1.0,1.0,,,,,
1150,16558,1150,0.006245612700913625,1.0,1.0,,,,,
1151,16583,1151,0.0053363960421969146,1.0,1.0,,,,,
1152,16600,1152,0.013275250947335736,1.0,1.0,,,,,
1153,16609,1153,0.009029086217287841,1.0,1.0,0.012874743766127114,1.0,1.0,,
1154,16634,1154,0.006626773896963035,1.0,1.0,,,,,
1155,16651,1155,0.019790188617444075,1.0,1.0,,,,,
1156,16668,1156,0.012238439950788233,1.0,1.0,,,,,
1157,16693,1157,0.016871489629799424,1.0,1.0,,,,,
1158,16710,1158,0.010750026252608222,1.0,1.0,,,,,
1159,16727,1159,0.014784379487573461,1.0,1.0,,,,,
1160,16752,1160,0.007613652207922617,1.0,1.0,,,,,
1161,16761,1161,0.9451840452617034,0.0,0.0,0.011488974260282702,1.0,1.0,,
1162,16770,1162,0.006956149708717021,1.0,1.0,,,,,
1163,16795,1163,0.014727036915282949,1.0,1.0,,,,,
1164,16820,1164,0.005643211525512015,1.0,1.0,,,,,
1165,16837,1165,0.013703549992987974,1.0,1.0,,,,,
1166,16854,1166,0.009262766305182595,1.0,1.0,,,,,
1167,16863,1167,0.010838789728477422,1.0,1.0,,,,,
1168,16872,1168,0.00901278391521828,1.0,1.0,,,,,
1169,16897,1169,0.011254156762467271,1.0,1.0,0.008079938697051148,1.0,1.0,,
1170,16922,1170,0.00988322588421094,1.0,1.0,,,,,
1171,16931,1171,0.012718290119955782,1.0,1.0,,,,,
1172,16956,1172,0.015288166157333763,1.0,1.0,,,,,
1173,16973,1173,0.016067291917424883,1.0,1.0,,,,,
1174,16990,1174,0.028578926133932328,1.0,1.0,,,,,
1175,16999,1175,0.04435223571956158,1.0,1.0,,,,,
1176,17016,1176,0.009060559992285562,1.0,1.0,,,,,
1177,17025,1177,0.004212725470788428,1.0,1.0,0.012893338921712712,1.0,1.0,,
1178,17034,1178,0.007257190271102445,1.0,1.0,,,,,
1179,17043,1179,0.009394463428593555,1.0,1.0,,,,,
1180,17060,1180,0.01505332985558198,1.0,1.0,,,,,
1181,17077,1181,0.009706625752078252,1.0,1.0,,,,,
1182,17086,1182,0.010855371925717918,1.0,1.0,,,,,
1183,17095,1183,0.014373633122340834,1.0,1.0,,,,,
1184,17120,1184,0.013442988380144622,1.0,1.0,,,,,
1185,17137,1185,0.01303131101620238,1.0,1.0,0.022681489361202692,1.0,1.0,,
1186,17154,1186,0.009927254529684433,1.0,1.0,,,,,
1187,17163,1187,0.006904088854225847,1.0,1.0,,,,,
1188,17172,1188,0.015701264302406346,1.0,1.0,,,,,
1189,17181,1189,0.010000591770804021,1.0,1.0,,,,,
1190,17190,1190,0.009664834985815104,1.0,1.0,,,,,
1191,17207,1191,0.006997077267587883,1.0,1.0,,,,,
1192,17216,1192,0.012558608557155822,1.0,1.0,,,,,
1193,17233,1193,0.008875674540449838,1.0,1.0,0.013749664222705179,1.0,1.0,,
1194,17258,1194,0.00397131417048513,1.0,1.0,,,,,
1195,17267,1195,0.008379482267118874,1.0,1.0,,,,,
1196,17276,1196,0.01045536667097622,1.0,1.0,,,,,
1197,17285,1197,0.01022011590828697,1.0,1.0,,,,,
1198,17310,1198,0.01104577595514153,1.0,1.0,,,,,
1199,17319,1199,0.006066330691128315,1.0,1.0,,,,,
1200,17336,1200,0.010665819152927724,1.0,1.0,,,,,
1201,17353,1201,0.011529835385044863,1.0,1.0,0.020267630509479204,1.0,1.0,,
1202,17370,1202,0.008289404263778123,1.0,1.0,,,,,
1203,17379,1203,0.0165718872067373,1.0,1.0,,,,,
1204,17388,1204,0.021748611931543566,1.0,1.0,,,,,
1205,17405,1205,0.01078639723780725,1.0,1.0,,,,,
1206,17422,1206,0.016212511360645294,1.0,1.0,,,,,
1207,17447,1207,0.020456988415753587,1.0,1.0,,,,,
1208,17464,1208,0.010246605051324877,1.0,1.0,,,,,
1209,17473,1209,0.010323485371045537,1.0,1.0,0.01521266115612889,1.0,1.0,,
1210,17498,1210,0.01688997237117292,1.0,1.0,,,,,
1211,17507,1211,0.009203796574620355,1.0,1.0,,,,,
1212,17524,1212,0.010586180557766056,1.0,1.0,,,,,
1213,17541,1213,0.01204762310593651,1.0,1.0,,,,,
1214,17550,1214,0.01555946284584934,1.0,1.0,,,,,
1215,17559,1215,0.010695038596986707,1.0,1.0,,,,,
1216,17576,1216,0.009243598170869519,1.0,1.0,,,,,
1217,17593,1217,0.00862524626747472,1.0,1.0,0.01280176646043401,1.0,1.0,,
1218,17610,1218,0.026068587020345146,1.0,1.0,,,,,
1219,17619,1219,0.01130467513066833,1.0,1.0,,,,,
1220,17628,1220,0.013358225356059846,1.0,1.0,,,,,
1221,17645,1221,0.005792312952544307,1.0,1.0,,,,,
1222,17654,1222,0.015014374598249561,1.0,1.0,,,,,
1223,17671,1223,0.007709207668922318,1.0,1.0,,,,,
1224,17680,1224,0.010716239218163538,1.0,1.0,,,,,
1225,17689,1225,0.009492271359613369,1.0,1.0,0.008104775362662622,1.0,1.0,,
1226,17706,1226,0.009097068109995235,1.0,1.0,,,,,
1227,17731,1227,0.016446169202875657,1.0,1.0,,,,,
1228,17748,1228,0.012887548933967992,1.0,1.0,,,,,
1229,17757,1229,0.8137849805657607,0.0,0.0,,,,,
1230,17766,1230,0.005881388005059307,1.0,1.0,,,,,
1231,17791,1231,0.018860547783260698,1.0,1.0,,,,,
1232,17800,1232,0.009587302179716062,1.0,1.0,,,,,
1233,17809,1233,0.00906127022306464,1.0,1.0,0.013175278774360777,1.0,1.0,,
1234,17818,1234,0.00865063389621355,1.0,1.0,,,,,
1235,17835,1235,0.017460733833941047,1.0,1.0,,,,,
1236,17844,1236,0.007907150285818716,1.0,1.0,,,,,
1237,17853,1237,0.011714340314574656,1.0,1.0,,,,,
1238,17878,1238,0.017502335099525222,1.0,1.0,,,,,
1239,17895,1239,0.00820821802426508,1.0,1.0,,,,,
1240,17912,1240,0.006593418530774215,1.0,1.0,,,,,
1241,17929,1241,0.009768314837056095,1.0,1.0,0.008285185990134778,1.0,1.0,,
1242,17938,1242,0.0103398206951897,1.0,1.0,,,,,
1243,17947,1243,0.0067298559610571825,1.0,1.0,,,,,
1244,17972,1244,0.010104361467383569,1.0,1.0,,,,,
1245,17981,1245,0.010417370157210826,1.0,1.0,,,,,
1246,17990,1246,0.012381474420544693,1.0,1.0,,,,,
1247,18007,1247,0.005704079837978497,1.0,1.0,,,,,
1248,18032,1248,0.010512421060678512,1.0,1.0,,,,,
1249,18041,1249,0.012964706821076106,1.0,1.0,0.015033203189068447,1.0,1.0,,
1250,18050,1250,0.00805247241165489,1.0,1.0,,,,,
1251,18059,1251,0.01381190429416165,1.0,1.0,,,,,
1252,18084,1252,0.019987006841499046,1.0,1.0,,,,,
1253,18093,1253,0.0074645725113941805,1.0,1.0,,,,,
1254,18110,1254,0.018296536094549086,1.0,1.0,,,,,
1255,18119,1255,0.006245749104273272,1.0,1.0,,,,,
1256,18144,1256,0.013191122529945762,1.0,1.0,,,,,
1257,18169,1257,0.008953716409456925,1.0,1.0,0.00904926950999652,1.0,1.0,,
1258,18178,1258,0.010704429720935878,1.0,1.0,,,,,
1259,18187,1259,0.016719361440518696,1.0,1.0,,,,,
1260,18196,1260,0.013171061933971941,1.0,1.0,,,,,
1261,18213,1261,0.015265676121543947,1.0,1.0,,,,,
1262,18222,1262,0.006973767356175813,1.0,1.0,,,,,
1263,18239,1263,0.013842709743794332,1.0,1.0,,,,,
1264,18264,1264,0.016056004780330112,1.0,1.0,,,,,
1265,18281,1265,0.013852045141684356,1.0,1.0,0.01637228127583512,1.0,1.0,,
1266,18298,1266,0.008500311798088661,1.0,1.0,,,,,
1267,18323,1267,0.02241294605921818,1.0,1.0,,,,,
1268,18340,1268,0.011156867776662692,1.0,1.0,,,,,
1269,18357,1269,0.012088515881714558,1.0,1.0,,,,,
1270,18366,1270,0.01462708122584445,1.0,1.0,,,,,
1271,18383,1271,0.010185366576042723,1.0,1.0,,,,,
1272,18400,1272,0.009353670373675415,1.0,1.0,,,,,
1273,18409,1273,0.00903055944625521,1.0,1.0,0.021080289392872754,1.0,1.0,,
1274,18426,1274,0.006328172092107708,1.0,1.0,,,,,
1275,18435,1275,0.010802114381867796,1.0,1.0,,,,,
1276,18460,1276,0.006613779282476268,1.0,1.0,,,,,
1277,18469,1277,0.0076740476944632974,1.0,1.0,,,,,
1278,18478,1278,0.013628833045222563,1.0,1.0,,,,,
1279,18495,1279,0.011098838301800243,1.0,1.0,,,,,
1280,18504,1280,0.010473644220292046,1.0,1.0,,,,,
1281,18529,1281,0.012299086709293382,1.0,1.0,0.03218494879761238,1.0,1.0,,
1282,18554,1282,0.01049849989252228,1.0,1.0,,,,,
1283,18563,1283,0.009179381225258111,1.0,1.0,,,,,
1284,18588,1284,0.004146798198520021,1.0,1.0,,,,,
1285,18597,1285,0.006690552006539292,1.0,1.0,,,,,
1286,18606,1286,0.015136994387867163,1.0,1.0,,,,,
1287,18623,1287,0.009482518967415672,1.0,1.0,,,,,
1288,18632,1288,0.006943632708935184,1.0,1.0,,,,,
1289,18649,1289,0.012769985396907942,1.0,1.0,0.006034383786063699,1.0,1.0,,
1290,18666,1290,0.01590978394335252,1.0,1.0,,,,,
1291,18675,1291,0.00861116739746649,1.0,1.0,,,,,
1292,18684,1292,0.009786537066629535,1.0,1.0,,,,,
1293,18701,1293,0.011895195773613525,1.0,1.0,,,,,
1294,18710,1294,0.011584401050677115,1.0,1.0,,,,,
1295,18727,1295,0.016844220589118778,1.0,1.0,,,,,
1296,18736,1296,0.009303782350361871,1.0,1.0,,,,,
1297,18753,1297,0.010789470883582907,1.0,1.0,0.012176191926118917,1.0,1.0,,
1298,18770,1298,0.008011358548974385,1.0,1.0,,,,,
1299,18795,1299,0.018571101562811235,1.0,1.0,,,,,
1300,18804,1300,0.0110022577244672,1.0,1.0,,,,,
1301,18821,1301,0.01302610859998822,1.0,1.0,,,,,
1302,18846,1302,0.015479645357172557,1.0,1.0,,,,,
1303,18863,1303,0.013051002993306611,1.0,1.0,,,,,
1304,18872,1304,0.0078013866608762335,1.0,1.0,,,,,
1305,18889,1305,0.011638632813319418,1.0,1.0,0.017035108067775584,1.0,1.0,,
1306,18898,1306,0.012355806747327735,1.0,1.0,,,,,
1307,18915,1307,0.004297463484563196,1.0,1.0,,,,,
1308,18924,1308,0.00641354798735847,1.0,1.0,,,,,
1309,18941,1309,0.008438665484563899,1.0,1.0,,,,,
1310,18950,1310,0.0069100236892518305,1.0,1.0,,,,0.9909090995788574,0.9909409888357257
1311,18967,1311,0.00865732292831126,1.0,1.0,,,,,
1312,18976,1312,0.005885147168828553,1.0,1.0,,,,,
1313,18985,1313,0.012070686371844204,1.0,1.0,0.008117450493086835,1.0,1.0,,
1314,19002,1314,0.011098834239528515,1.0,1.0,,,,,
1315,19011,1315,0.8324143819749589,0.0,0.0,,,,,
1316,19020,1316,0.008721105215736316,1.0,1.0,,,,,
1317,19029,1317,0.009057111573238217,1.0,1.0,,,,,
1318,19046,1318,0.006972903522073467,1.0,1.0,,,,,
1319,19063,1319,0.011727342405574746,1.0,1.0,,,,,
1320,19072,1320,0.010359514653682709,1.0,1.0,,,,,
1321,19089,1321,0.015025105751883532,1.0,1.0,0.020051343802515477,1.0,1.0,,
1322,19106,1322,0.015439689917111536,1.0,1.0,,,,,
1323,19123,1323,0.006838082558169844,1.0,1.0,,,,,
1324,19148,1324,0.01536396351862398,1.0,1.0,,,,,
1325,19165,1325,0.011520930248043442,1.0,1.0,,,,,
1326,19174,1326,0.004287739423916718,1.0,1.0,,,,,
1327,19183,1327,0.006061666866535234,1.0,1.0,,,,,
1328,19208,1328,0.012524530324935767,1.0,1.0,,,,,
1329,19217,1329,0.013112941840372512,1.0,1.0,0.018446527981959664,1.0,1.0,,
1330,19242,1330,0.004914080329396407,1.0,1.0,,,,,
1331,19267,1331,0.014865642520902231,1.0,1.0,,,,,
1332,19284,1332,0.010313817569149251,1.0,1.0,,,,,
1333,19293,1333,0.009321148327217088,1.0,1.0,,,,,
1334,19310,1334,0.013321913753898115,1.0,1.0,,,,,
1335,19327,1335,0.007435449007225543,1.0,1.0,,,,,
1336,19344,1336,0.008635357275343267,1.0,1.0,,,,,
1337,19353,1337,0.006221999637091358,1.0,1.0,0.01693835791815218,1.0,1.0,,
1338,19362,1338,0.005821797763092036,1.0,1.0,,,,,
1339,19371,1339,0.010479020639613737,1.0,1.0,,,,,
1340,19380,1340,0.01090667055977974,1.0,1.0,,,,,
1341,19389,1341,0.006404238982077005,1.0,1.0,,,,,
1342,19398,1342,0.007475983216718304,1.0,1.0,,,,,
1343,19415,1343,0.010114884260401595,1.0,1.0,,,,,
1344,19440,1344,0.015156855287186771,1.0,1.0,,,,,
1345,19449,1345,0.008953870551322324,1.0,1.0,0.014451581395139024,1.0,1.0,,
1346,19458,1346,0.00708957533694047,1.0,1.0,,,,,
1347,19467,1347,0.013862905003115884,1.0,1.0,,,,,
1348,19476,1348,0.012519386346830287,1.0,1.0,,,,,
1349,19501,1349,0.013402711362650735,1.0,1.0,,,,,
1350,19510,1350,0.005436929558818519,1.0,1.0,,,,,
1351,19535,1351,0.004065425490856189,1.0,1.0,,,,,
1352,19552,1352,0.018006634195348852,1.0,1.0,,,,,
1353,19569,1353,0.005698973965372716,1.0,1.0,0.012753684168783367,1.0,1.0,,
1354,19586,1354,0.00855394690067442,1.0,1.0,,,,,
1355,19595,1355,0.008790598460182082,1.0,1.0,,,,,
1356,19612,1356,0.013246758157147268,1.0,1.0,,,,,
1357,19621,1357,0.00747607145087386,1.0,1.0,,,,,
1358,19630,1358,0.007773224670818309,1.0,1.0,,,,,
1359,19639,1359,0.006587452049409422,1.0,1.0,,,,,
1360,19648,1360,0.017095621342305092,1.0,1.0,,,,,
1361,19665,1361,0.013060118761786726,1.0,1.0,0.009187351021755604,1.0,1.0,,
1362,19674,1362,0.009746292033723875,1.0,1.0,,,,,
1363,19683,1363,0.009780164390867867,1.0,1.0,,,,,
1364,19708,1364,0.01049613053490854,1.0,1.0,,,,,
1365,19717,1365,0.008026341669628892,1.0,1.0,,,,,
1366,19726,1366,0.00866122198465746,1.0,1.0,,,,,
1367,19743,1367,0.012343181366359203,1.0,1.0,,,,,
1368,19760,1368,0.008608090658799484,1.0,1.0,,,,,
1369,19777,1369,0.008897545679010363,1.0,1.0,0.014829880396509908,1.0,1.0,,
1370,19794,1370,0.008086226747618639,1.0,1.0,,,,,
1371,19811,1371,0.008977477191037905,1.0,1.0,,,,,
1372,19836,1372,0.009554530865522489,1.0,1.0,,,,,
1373,19845,1373,0.012261644325790256,1.0,1.0,,,,,
1374,19870,1374,0.005302004586944045,1.0,1.0,,,,,
1375,19879,1375,0.017774055932277405,1.0,1.0,,,,,
1376,19896,1376,0.004494723932730267,1.0,1.0,,,,,
1377,19913,1377,0.009307347831963853,1.0,1.0,0.02437292046240827,1.0,1.0,,
1378,19930,1378,0.011838690790846158,1.0,1.0,,,,,
1379,19939,1379,0.008952182606517454,1.0,1.0,,,,,
1380,19964,1380,0.008833907359524648,1.0,1.0,,,,,
1381,19989,1381,0.010388428838620409,1.0,1.0,,,,,
1382,19998,1382,0.007618794928748684,1.0,1.0,,,,,
1383,20007,1383,0.011550679303618382,1.0,1.0,,,,,
1384,20016,1384,0.01802380890974746,1.0,1.0,,,,,
1385,20025,1385,0.01609909608596354,1.0,1.0,0.011497196940053984,1.0,1.0,,
1386,20034,1386,0.006838062078522853,1.0,1.0,,,,,
1387,20051,1387,0.01554432184973848,1.0,1.0,,,,,
1388,20060,1388,0.006891078886401374,1.0,1.0,,,,,
1389,20077,1389,0.006520631398602745,1.0,1.0,,,,,
1390,20086,1390,0.006339669689077709,1.0,1.0,,,,,
1391,20095,1391,0.006705082798816875,1.0,1.0,,,,,
1392,20104,1392,0.010034113715273634,1.0,1.0,,,,,
1393,20113,1393,0.00461491911120902,1.0,1.0,0.008685435838851846,1.0,1.0,,
1394,20122,1394,0.006670602951035108,1.0,1.0,,,,,
1395,20131,1395,0.011067113304088707,1.0,1.0,,,,,
1396,20140,1396,0.006117052280606003,1.0,1.0,,,,,
1397,20157,1397,0.009248142911892503,1.0,1.0,,,,,
1398,20182,1398,0.012543029677229547,1.0,1.0,,,,,
1399,20199,1399,0.007607294639055908,1.0,1.0,,,,,
1400,20208,1400,0.006531100724773751,1.0,1.0,,,,,
1401,20233,1401,0.0174062898015715,1.0,1.0,0.01584383758998835,1.0,1.0,,
1402,20242,1402,0.01123961066999982,1.0,1.0,,,,,
1403,20259,1403,0.004714202386257967,1.0,1.0,,,,,
1404,20268,1404,0.015710469415971602,1.0,1.0,,,,,
1405,20277,1405,0.011717160663365577,1.0,1.0,,,,,
1406,20302,1406,0.010060259168967604,1.0,1.0,,,,,
1407,20319,1407,0.05435751596814953,0.0,0.0,,,,,
1408,20328,1408,0.006858209769252426,1.0,1.0,,,,,
1409,20345,1409,0.009823004110098735,1.0,1.0,0.009523926065303384,1.0,1.0,,
1410,20354,1410,0.008622344713730853,1.0,1.0,,,,,
1411,20363,1411,0.006959188698087928,1.0,1.0,,,,,
1412,20388,1412,0.014356833017009194,1.0,1.0,,,,,
1413,20413,1413,0.014174074922666476,1.0,1.0,,,,,
1414,20422,1414,0.009527171228401129,1.0,1.0,,,,,
1415,20431,1415,0.008379240471622324,1.0,1.0,,,,,
1416,20448,1416,0.012582436158663769,1.0,1.0,,,,,
1417,20465,1417,0.006811527549116363,1.0,1.0,0.008554304953486282,1.0,1.0,,
1418,20474,1418,0.007689410566281368,1.0,1.0,,,,,
1419,20483,1419,0.009538966027757851,1.0,1.0,,,,,
1420,20500,1420,0.013681823900624297,1.0,1.0,,,,,
1421,20525,1421,0.009401416890274655,1.0,1.0,,,,,
1422,20550,1422,0.017441642103949558,1.0,1.0,,,,,
1423,20567,1423,0.008899003667520448,1.0,1.0,,,,,
1424,20592,1424,0.0035873547081670645,1.0,1.0,,,,,
1425,20609,1425,0.009893199806165284,1.0,1.0,0.012744493355348822,1.0,1.0,,
1426,20618,1426,0.007637932985417138,1.0,1.0,,,,,
1427,20635,1427,0.004994581563296379,1.0,1.0,,,,,
1428,20644,1428,0.006685343295212079,1.0,1.0,,,,,
1429,20653,1429,0.009674718083861078,1.0,1.0,,,,,
1430,20678,1430,0.013337595031741029,1.0,1.0,,,,,
1431,20695,1431,0.008438156864885969,1.0,1.0,,,,,
1432,20704,1432,0.009191487262251032,1.0,1.0,,,,,
1433,20713,1433,0.009181485243570934,1.0,1.0,0.009142532316072902,1.0,1.0,,
1434,20738,1434,0.008387502921383808,1.0,1.0,,,,,
1435,20755,1435,0.013344419565191855,1.0,1.0,,,,,
1436,20780,1436,0.013531844442865502,1.0,1.0,,,,,
1437,20789,1437,0.01087692362632879,1.0,1.0,,,,,
1438,20798,1438,0.007178220338068968,1.0,1.0,,,,,
1439,20823,1439,0.010121593980887456,1.0,1.0,,,,,
1440,20848,1440,0.008816800847756288,1.0,1.0,,,,,
1441,20857,1441,0.012207592971153645,1.0,1.0,0.017412985824339557,1.0,1.0,,
1442,20866,1442,0.009141387654308348,1.0,1.0,,,,,
1443,20875,1443,0.013383030564291402,1.0,1.0,,,,,
1444,20884,1444,0.0073976898362161595,1.0,1.0,,,,,
1445,20901,1445,0.009912257816295096,1.0,1.0,,,,,
1446,20926,1446,0.01090506455989574,1.0,1.0,,,,,
1447,20943,1447,0.012054693190184481,1.0,1.0,,,,,
1448,20952,1448,0.006043001842735976,1.0,1.0,,,,,
1449,20969,1449,0.01205794368775969,1.0,1.0,0.01709099637439067,1.0,1.0,,
1450,20978,1450,0.0071605081058805815,1.0,1.0,,,,,
1451,20995,1451,0.009313400791429558,1.0,1.0,,,,,
1452,21004,1452,0.008076939410002525,1.0,1.0,,,,,
1453,21021,1453,0.009308640042881962,1.0,1.0,,,,,
1454,21038,1454,0.02426492624758339,1.0,1.0,,,,,
1455,21055,1455,0.007573564905142121,1.0,1.0,,,,,
1456,21064,1456,0.0071685818695368655,1.0,1.0,,,,,
1457,21089,1457,0.015386189595252897,1.0,1.0,0.00632831634521608,1.0,1.0,,
1458,21098,1458,0.010241549656238932,1.0,1.0,,,,,
1459,21107,1459,0.008282121996903698,1.0,1.0,,,,,
1460,21124,1460,0.004378872378174492,1.0,1.0,,,,,
1461,21141,1461,0.00799825862274247,1.0,1.0,,,,,
1462,21150,1462,0.009398128658576754,1.0,1.0,,,,,
1463,21167,1463,0.008638990567251313,1.0,1.0,,,,,
1464,21184,1464,0.007686920217113312,1.0,1.0,,,,,
1465,21201,1465,0.012212999281209704,1.0,1.0,0.00814158907647652,1.0,1.0,,
1466,21218,1466,0.004716480398956264,1.0,1.0,,,,,
1467,21227,1467,0.00968271364267821,1.0,1.0,,,,,
1468,21236,1468,0.006865295979951043,1.0,1.0,,,,,
1469,21245,1469,0.008275888030912028,1.0,1.0,,,,,
1470,21262,1470,0.0071777563480100075,1.0,1.0,,,,,
1471,21287,1471,0.018749303493338323,1.0,1.0,,,,,
1472,21304,1472,0.014479734011383699,1.0,1.0,,,,,
1473,21321,1473,0.011000228323873672,1.0,1.0,0.008865630772379517,1.0,1.0,,
1474,21330,1474,0.00950759911178011,1.0,1.0,,,,,
1475,21363,1475,0.018785218738506727,1.0,1.0,,,,,
1476,21372,1476,0.00855804783757776,1.0,1.0,,,,,
1477,21389,1477,0.01836218577168438,1.0,1.0,,,,,
1478,21398,1478,0.009927629138692282,1.0,1.0,,,,,
1479,21407,1479,0.007446309258848488,1.0,1.0,,,,,
1480,21432,1480,0.011334356172510525,1.0,1.0,,,,,
1481,21449,1481,0.00837539975312211,1.0,1.0,0.013602694320998126,1.0,1.0,,
1482,21466,1482,0.007484509181958855,1.0,1.0,,,,,
1483,21475,1483,0.008610450505584595,1.0,1.0,,,,,
1484,21492,1484,0.011242901128175617,1.0,1.0,,,,,
1485,21501,1485,0.013487368917467393,1.0,1.0,,,,,
1486,21518,1486,0.01188418290577829,1.0,1.0,,,,,
1487,21527,1487,0.007799755791429562,1.0,1.0,,,,,
1488,21536,1488,0.009046926894516218,1.0,1.0,,,,,
1489,21545,1489,0.012713078969904928,1.0,1.0,0.0088747327744386,1.0,1.0,,
1490,21562,1490,0.010580043408622262,1.0,1.0,,,,,
1491,21571,1491,0.010355466378223354,1.0,1.0,,,,,
1492,21580,1492,0.008877934635384008,1.0,1.0,,,,,
1493,21589,1493,0.007450734374533568,1.0,1.0,,,,,
1494,21598,1494,0.00997343156937859,1.0,1.0,,,,,
1495,21615,1495,0.011262423607113306,1.0,1.0,,,,,
1496,21640,1496,0.01225382172022364,1.0,1.0,,,,,
1497,21657,1497,0.007122533021756682,1.0,1.0,0.013616310661891475,1.0,1.0,,
1498,21666,1498,0.005130798019308713,1.0,1.0,,,,,
1499,21675,1499,0.008999539073683992,1.0,1.0,,,,,
1500,21684,1500,0.01122772351231106,1.0,1.0,,,,,
1501,21693,1501,0.011010863363626411,1.0,1.0,,,,,
1502,21718,1502,0.00840381596991089,1.0,1.0,,,,,
1503,21735,1503,0.010562657061582286,1.0,1.0,,,,,
1504,21744,1504,0.008189718787980383,1.0,1.0,,,,,
1505,21753,1505,0.009768560203801825,1.0,1.0,0.010971764396990692,1.0,1.0,,
1506,21770,1506,0.011145395288622241,1.0,1.0,,,,,
1507,21779,1507,0.00688827101388597,1.0,1.0,,,,,
1508,21788,1508,0.007238814141801414,1.0,1.0,,,,,
1509,21813,1509,0.010242871056543663,1.0,1.0,,,,,
1510,21830,1510,0.010298393273276361,1.0,1.0,,,,,
1511,21839,1511,0.009619998538087201,1.0,1.0,,,,,
1512,21848,1512,0.012708785934555634,1.0,1.0,,,,,
1513,21857,1513,0.008873863835760859,1.0,1.0,0.014089332032702562,1.0,1.0,,
1514,21866,1514,0.007845394869609664,1.0,1.0,,,,,
1515,21891,1515,0.007446193040168511,1.0,1.0,,,,,
1516,21908,1516,0.01188624397847889,1.0,1.0,,,,,
1517,21917,1517,0.012685159512657264,1.0,1.0,,,,,
1518,21926,1518,0.012330553707852233,1.0,1.0,,,,,
1519,21943,1519,0.011579790924133703,1.0,1.0,,,,,
1520,21952,1520,0.008404096956496687,1.0,1.0,,,,,
1521,21961,1521,0.00979969827883906,1.0,1.0,0.005510645925060089,1.0,1.0,,
1522,21978,1522,0.011134279341094953,1.0,1.0,,,,,
1523,21987,1523,0.008370186291922436,1.0,1.0,,,,,
1524,22004,1524,0.006636522767851148,1.0,1.0,,,,,
1525,22029,1525,0.016878051345123216,1.0,1.0,,,,,
1526,22038,1526,0.008550201366715558,1.0,1.0,,,,,
1527,22055,1527,0.013812065188849375,1.0,1.0,,,,,
1528,22072,1528,0.007801524677888665,1.0,1.0,,,,,
1529,22089,1529,0.015412122403995455,1.0,1.0,0.013872938567437813,1.0,1.0,,
1530,22122,1530,0.013220313854052392,1.0,1.0,,,,,
1531,22139,1531,0.0069224553351659775,1.0,1.0,,,,,
1532,22148,1532,0.008229132871383627,1.0,1.0,,,,,
1533,22157,1533,0.014969887316274253,1.0,1.0,,,,,
1534,22166,1534,0.0123860564709139,1.0,1.0,,,,,
1535,22183,1535,0.005155238925885897,1.0,1.0,,,,,
1536,22192,1536,0.007376935667298312,1.0,1.0,,,,,
1537,22209,1537,0.006685556858278688,1.0,1.0,0.014189324795802349,1.0,1.0,,
1538,22218,1538,0.005916184816487657,1.0,1.0,,,,,
1539,22227,1539,0.006971973103427445,1.0,1.0,,,,,
1540,22236,1540,0.006545678871061683,1.0,1.0,,,,,
1541,22245,1541,0.008201576597930398,1.0,1.0,,,,,
1542,22254,1542,0.015058832497406912,1.0,1.0,,,,,
1543,22263,1543,0.009265293234202545,1.0,1.0,,,,,
1544,22280,1544,0.00575531642040005,1.0,1.0,,,,,
1545,22305,1545,0.010788828940761353,1.0,1.0,0.012699852925922338,1.0,1.0,,
1546,22314,1546,0.007516415966092609,1.0,1.0,,,,,
1547,22331,1547,0.009064544127431873,1.0,1.0,,,,,
1548,22340,1548,0.008278080655609301,1.0,1.0,,,,,
1549,22357,1549,0.012396460760028276,1.0,1.0,,,,,
1550,22382,1550,0.019959423188459672,1.0,1.0,,,,,
1551,22399,1551,0.005495807788192907,1.0,1.0,,,,,
1552,22408,1552,0.012860632030551641,1.0,1.0,,,,,
1553,22425,1553,0.011038768249527493,1.0,1.0,0.012207798705603637,1.0,1.0,,
1554,22434,1554,0.009672606531967177,1.0,1.0,,,,,
1555,22443,1555,0.007850024687668338,1.0,1.0,,,,,
1556,22460,1556,0.007857357712122167,1.0,1.0,,,,,
1557,22477,1557,0.008101604881321691,1.0,1.0,,,,,
1558,22502,1558,0.008189373117111244,1.0,1.0,,,,,
1559,22511,1559,0.012563982583760663,1.0,1.0,,,,,
1560,22520,1560,0.007273582373345563,1.0,1.0,,,,,
1561,22529,1561,0.006690717674791813,1.0,1.0,0.023184034232763225,1.0,1.0,,
1562,22546,1562,0.011510305445881386,1.0,1.0,,,,,
1563,22563,1563,0.008460355017414259,1.0,1.0,,,,,
1564,22580,1564,0.008291422313523072,1.0,1.0,,,,,
1565,22589,1565,0.00943845142312057,1.0,1.0,,,,,
1566,22598,1566,0.005733064865344204,1.0,1.0,,,,,
1567,22607,1567,0.013312429734651235,1.0,1.0,,,,,
1568,22632,1568,0.00396170873106712,1.0,1.0,,,,,
1569,22657,1569,0.00976120426566922,1.0,1.0,0.010114396870530982,1.0,1.0,,
1570,22666,1570,0.0168117739376612,1.0,1.0,,,,,
1571,22675,1571,0.007101792172252317,1.0,1.0,,,,,
1572,22692,1572,0.009773089672148672,1.0,1.0,,,,,
1573,22709,1573,0.008681302575569134,1.0,1.0,,,,,
1574,22718,1574,0.00906436305554962,1.0,1.0,,,,,
1575,22743,1575,0.014089562755737764,1.0,1.0,,,,,
1576,22752,1576,0.010102473924634977,1.0,1.0,,,,,
1577,22761,1577,0.007668078411588795,1.0,1.0,0.008592390572662225,1.0,1.0,,
1578,22778,1578,0.00791153356731229,1.0,1.0,,,,,
1579,22787,1579,0.011750030622861233,1.0,1.0,,,,,
1580,22796,1580,0.010403161395515781,1.0,1.0,,,,,
1581,22805,1581,0.006934160405908187,1.0,1.0,,,,,
1582,22822,1582,0.009689542825192347,1.0,1.0,,,,,
1583,22831,1583,0.009783178516945554,1.0,1.0,,,,,
1584,22840,1584,0.006162992272684278,1.0,1.0,,,,,
1585,22849,1585,0.008770643084117184,1.0,1.0,0.012237215834329618,1.0,1.0,,
1586,22858,1586,0.009515379083136394,1.0,1.0,,,,,
1587,22867,1587,0.01062761382194367,1.0,1.0,,,,,
1588,22876,1588,0.009980405743008305,1.0,1.0,,,,,
1589,22893,1589,0.010934017628442233,1.0,1.0,,,,,
1590,22910,1590,0.005925839570700191,1.0,1.0,,,,,
1591,22919,1591,0.009367543042681064,1.0,1.0,,,,,
1592,22936,1592,0.0066203955894343375,1.0,1.0,,,,,
1593,22945,1593,0.007722204903620878,1.0,1.0,0.01183843561816199,1.0,1.0,,
1594,22970,1594,0.015378938722230182,1.0,1.0,,,,,
1595,22987,1595,0.009080966178698873,1.0,1.0,,,,,
1596,23004,1596,0.008134097886522794,1.0,1.0,,,,,
1597,23013,1597,0.00896056865043647,1.0,1.0,,,,,
1598,23030,1598,0.007930833608149897,1.0,1.0,,,,,
1599,23055,1599,0.0112337388727974,1.0,1.0,,,,,
1600,23064,1600,0.015668921110773226,1.0,1.0,,,,,
1601,23073,1601,0.011075877065377427,1.0,1.0,0.02108541379983459,1.0,1.0,,
1602,23090,1602,0.009800343036088179,1.0,1.0,,,,,
1603,23099,1603,0.010295242541324115,1.0,1.0,,,,,
1604,23116,1604,0.010756837114822702,1.0,1.0,,,,,
1605,23133,1605,0.0066049731054022235,1.0,1.0,,,,,
1606,23142,1606,0.006247726118526771,1.0,1.0,,,,,
1607,23151,1607,0.008394158057271853,1.0,1.0,,,,,
1608,23176,1608,0.013409798897337167,1.0,1.0,,,,,
1609,23201,1609,0.01287697623982543,1.0,1.0,0.011651503780522033,1.0,1.0,,
1610,23218,1610,0.014556308266219276,1.0,1.0,,,,,
1611,23227,1611,0.007639524773276208,1.0,1.0,,,,,
1612,23244,1612,0.013059940809362161,1.0,1.0,,,,,
1613,23269,1613,0.017027505742068266,1.0,1.0,,,,,
1614,23294,1614,0.004337820283353722,1.0,1.0,,,,,
1615,23303,1615,0.010196243205864448,1.0,1.0,,,,,
1616,23312,1616,0.008181945592950797,1.0,1.0,,,,,
1617,23321,1617,0.08705929321236909,1.0,1.0,0.01055006493254041,1.0,1.0,,
1618,23338,1618,0.008354131442492871,1.0,1.0,,,,,
1619,23355,1619,0.007678425048470673,1.0,1.0,,,,,
1620,23372,1620,0.009833775914903527,1.0,1.0,,,,,
1621,23389,1621,0.011168212844931986,1.0,1.0,,,,,
1622,23406,1622,0.01104994405753132,1.0,1.0,,,,,
1623,23423,1623,0.004080305218194553,1.0,1.0,,,,,
1624,23448,1624,0.008750675498273875,1.0,1.0,,,,,
1625,23457,1625,0.005201294649855299,1.0,1.0,0.01053190110507785,1.0,1.0,,
1626,23474,1626,0.011385049232048914,1.0,1.0,,,,,
1627,23483,1627,0.005738543030765868,1.0,1.0,,,,,
1628,23492,1628,0.007781645200834646,1.0,1.0,,,,,
1629,23501,1629,0.007802184452712028,1.0,1.0,,,,,
1630,23518,1630,0.009315040312300198,1.0,1.0,,,,,
1631,23527,1631,0.010742032858670427,1.0,1.0,,,,,
1632,23544,1632,0.02161725577348079,1.0,1.0,,,,,
1633,23569,1633,0.015331027393604016,1.0,1.0,0.011916721400114814,1.0,1.0,,
1634,23578,1634,0.008408672350342386,1.0,1.0,,,,,
1635,23603,1635,0.00678146183385858,1.0,1.0,,,,,
1636,23628,1636,0.01231184205142199,1.0,1.0,,,,,
1637,23645,1637,0.008454730975245184,1.0,1.0,,,,,
1638,23654,1638,0.007979726253802255,1.0,1.0,,,,,
1639,23663,1639,0.007144943545863499,1.0,1.0,,,,,
1640,23672,1640,0.006310243040088608,1.0,1.0,,,,,
1641,23689,1641,0.013950122415089935,1.0,1.0,0.0074816372500936265,1.0,1.0,,
1642,23706,1642,0.0045856439704402875,1.0,1.0,,,,,
1643,23715,1643,0.004849733270748402,1.0,1.0,,,,,
1644,23740,1644,0.010968110433313995,1.0,1.0,,,,,
1645,23757,1645,0.00812969309703476,1.0,1.0,,,,,
1646,23782,1646,0.010659483358625342,1.0,1.0,,,,,
1647,23791,1647,0.01280056424191571,1.0,1.0,,,,,
1648,23808,1648,0.0062371395190348265,1.0,1.0,,,,,
1649,23825,1649,0.0055427159905593725,1.0,1.0,0.297449843022041,0.0,0.0,,
1650,23834,1650,0.007599368082355795,1.0,1.0,,,,,
1651,23843,1651,0.008729906398698405,1.0,1.0,,,,,
1652,23876,1652,0.0198435987452217,1.0,1.0,,,,,
1653,23893,1653,0.0069503240614903926,1.0,1.0,,,,,
1654,23910,1654,0.006568365604143764,1.0,1.0,,,,,
1655,23919,1655,0.006252639211343194,1.0,1.0,,,,,
1656,23928,1656,0.007131022271191796,1.0,1.0,,,,,
1657,23945,1657,0.0090478956796062,1.0,1.0,0.011551397800976701,1.0,1.0,,
1658,23954,1658,0.01075589586453134,1.0,1.0,,,,,
1659,23963,1659,0.007480307147652639,1.0,1.0,,,,,
1660,23972,1660,0.007490874297795927,1.0,1.0,,,,,
1661,23989,1661,0.006374082801303302,1.0,1.0,,,,,
1662,24006,1662,0.006699116862400842,1.0,1.0,,,,,
1663,24031,1663,0.015824448314815526,1.0,1.0,,,,,
1664,24048,1664,0.006990679290556728,1.0,1.0,,,,,
1665,24073,1665,0.007789789523764435,1.0,1.0,0.005235830009896745,1.0,1.0,,
1666,24090,1666,0.005772833668670501,1.0,1.0,,,,,
1667,24115,1667,0.010152491042002415,1.0,1.0,,,,,
1668,24124,1668,0.010766111420016385,1.0,1.0,,,,,
1669,24133,1669,0.007940229176329012,1.0,1.0,,,,,
1670,24150,1670,0.015818045546075157,1.0,1.0,,,,,
1671,24159,1671,0.010971263111787265,1.0,1.0,,,,,
1672,24176,1672,0.009174885060783707,1.0,1.0,,,,,
1673,24193,1673,0.005306613166003445,1.0,1.0,0.010838537961856217,1.0,1.0,,
1674,24218,1674,0.00596458909513482,1.0,1.0,,,,,
1675,24235,1675,0.010224115456803701,1.0,1.0,,,,,
1676,24252,1676,0.006321494509820696,1.0,1.0,,,,,
1677,24277,1677,0.004393109350964247,1.0,1.0,,,,,
1678,24294,1678,0.008569852421533141,1.0,1.0,,,,,
1679,24303,1679,0.010958910542103694,1.0,1.0,,,,,
1680,24328,1680,0.008890298422393243,1.0,1.0,,,,,
1681,24337,1681,0.009510922162153294,1.0,1.0,0.008916937667345337,1.0,1.0,,
1682,24346,1682,0.006803166046825026,1.0,1.0,,,,,
1683,24355,1683,0.0062063052059511395,1.0,1.0,,,,,
1684,24372,1684,0.006779082543025652,1.0,1.0,,,,,
1685,24389,1685,0.004777430264530267,1.0,1.0,,,,,
1686,24406,1686,0.006645852811702753,1.0,1.0,,,,,
1687,24423,1687,0.00856199665839995,1.0,1.0,,,,,
1688,24432,1688,0.020536873694509267,1.0,1.0,,,,,
1689,24441,1689,0.023283559407573193,1.0,1.0,0.004455910940869216,1.0,1.0,,
1690,24450,1690,0.011096904683799948,1.0,1.0,,,,,
1691,24459,1691,0.007432308250026836,1.0,1.0,,,,,
1692,24476,1692,0.006815760665949711,1.0,1.0,,,,,
1693,24485,1693,0.007499738036553936,1.0,1.0,,,,,
1694,24494,1694,0.011128380344744074,1.0,1.0,,,,,
1695,24503,1695,0.007602115005502128,1.0,1.0,,,,,
1696,24528,1696,0.012154871644409773,1.0,1.0,,,,,
1697,24553,1697,0.0031755488807781755,1.0,1.0,0.01272121848490542,1.0,1.0,,
1698,24562,1698,0.006125072331349202,1.0,1.0,,,,,
1699,24579,1699,0.005665206523080996,1.0,1.0,,,,,
1700,24604,1700,0.0074389263404251935,1.0,1.0,,,,,
1701,24613,1701,0.006925126705755247,1.0,1.0,,,,,
1702,24638,1702,0.008303276734790567,1.0,1.0,,,,,
1703,24647,1703,0.009666986977736087,1.0,1.0,,,,,
1704,24656,1704,0.006977018672669147,1.0,1.0,,,,,
1705,24665,1705,0.008934294384598616,1.0,1.0,0.008094876955813865,1.0,1.0,,
1706,24674,1706,0.008116621106596542,1.0,1.0,,,,,
1707,24691,1707,0.010881445429304222,1.0,1.0,,,,,
1708,24700,1708,0.012839552789446316,1.0,1.0,,,,,
1709,24725,1709,0.02015747075648202,1.0,1.0,,,,,
1710,24742,1710,0.009735770641655107,1.0,1.0,,,,,
1711,24759,1711,0.008805070033122319,1.0,1.0,,,,,
1712,24784,1712,0.009176767066746834,1.0,1.0,,,,,
1713,24793,1713,0.006557446046986115,1.0,1.0,0.010417664750839321,1.0,1.0,,
1714,24810,1714,0.009789663868341448,1.0,1.0,,,,,
1715,24819,1715,0.009083979443093994,1.0,1.0,,,,,
1716,24836,1716,0.011377453058885295,1.0,1.0,,,,,
1717,24845,1717,0.01178149271363509,1.0,1.0,,,,,
1718,24862,1718,0.00835693852568511,1.0,1.0,,,,,
1719,24879,1719,0.0066761105675686855,1.0,1.0,,,,,
1720,24888,1720,0.010952473885336076,1.0,1.0,,,,,
1721,24897,1721,0.009453304109611054,1.0,1.0,0.007422315996445833,1.0,1.0,,
1722,24906,1722,0.008587606743676587,1.0,1.0,,,,,
1723,24923,1723,0.006618865140685557,1.0,1.0,,,,,
1724,24940,1724,0.012744431870246445,1.0,1.0,,,,,
1725,24949,1725,0.0064462298891430694,1.0,1.0,,,,,
1726,24966,1726,0.008052234621735578,1.0,1.0,,,,,
1727,24991,1727,0.013718031437474566,1.0,1.0,,,,,
1728,25008,1728,0.012386455145642685,1.0,1.0,,,,,
1729,25017,1729,0.008513825759728207,1.0,1.0,0.01844177355793363,1.0,1.0,,
1730,25034,1730,0.007903724281227369,1.0,1.0,,,,,
1731,25059,1731,0.008589262632510024,1.0,1.0,,,,,
1732,25076,1732,0.009021074462734759,1.0,1.0,,,,,
1733,25085,1733,0.008383932962533437,1.0,1.0,,,,,
1734,25102,1734,0.006500987067211099,1.0,1.0,,,,,
1735,25111,1735,0.008344090662030795,1.0,1.0,,,,,
1736,25120,1736,0.00780338607865815,1.0,1.0,,,,,
1737,25129,1737,0.009339780415311905,1.0,1.0,0.02433815712982323,1.0,1.0,,
1738,25146,1738,0.01248390310202012,1.0,1.0,,,,,
1739,25171,1739,0.00399209940360682,1.0,1.0,,,,,
1740,25188,1740,0.005390401512195241,1.0,1.0,,,,,
1741,25197,1741,0.010788006408893125,1.0,1.0,,,,,
1742,25206,1742,0.008852958002171363,1.0,1.0,,,,,
1743,25215,1743,0.008689622992465047,1.0,1.0,,,,,
1744,25232,1744,0.003997805252156468,1.0,1.0,,,,,
1745,25241,1745,0.006899613665809739,1.0,1.0,0.010963717713436075,1.0,1.0,,
1746,25266,1746,0.008088541827546578,1.0,1.0,,,,0.9909090995788574,0.9909409888357257

